id,title,company,location,salary_min,salary_max,posted_date,avg_salary,is_remote,industry,experience_level,job_type,remote_allowed,city,state,country,key_skills
job_20260419_0,Cloud Architect,AI Innovations,"Toronto, ON, Canada",97406,117876,2026-03-21,107641.0,1,Finance,Mid Level,Part-Time,Yes,Toronto,ON,Canada,"Terraform, Azure, AWS"
job_20260419_1,Analytics Engineer,CloudNet,"Toronto, ON, Canada",65502,106850,2026-04-04,86176.0,0,Energy,Mid Level,Part-Time,No,Toronto,ON,Canada,"Power BI, Looker, Kubernetes"
job_20260419_2,Cloud Architect,HealthPlus,"Chicago, IL, USA",120109,158251,2026-04-18,139180.0,0,Technology,Entry Level,Contract,No,Chicago,IL,USA,"Terraform, CI/CD, AWS"
job_20260419_3,Machine Learning Engineer,AI Innovations,"Austin, TX, USA",127330,173015,2026-04-03,150172.5,1,Healthcare,Entry Level,Full-Time,Yes,Austin,TX,USA,"Docker, Airflow, AWS"
job_20260419_4,Cloud Architect,FinTech Solutions,"Sydney, NSW, Australia",155773,204305,2026-04-17,180039.0,0,Energy,Senior,Full-Time,No,Sydney,NSW,Australia,"AWS, Azure, CI/CD"
job_20260419_5,Cloud Architect,HealthPlus,"Munich, BY, Germany",79334,107353,2026-04-17,93343.5,1,Retail,Entry Level,Full-Time,Yes,Munich,BY,Germany,"AWS, Azure, CI/CD"
job_20260419_6,DevOps Engineer,TechCorp,"Berlin, BE, Germany",149693,193864,2026-04-12,171778.5,1,Technology,Senior,Full-Time,Yes,Berlin,BE,Germany,"Docker, Airflow, AWS"
job_20260419_7,Data Engineer,GlobalBank,"Remote, Remote, Remote",163652,207978,2026-03-25,185815.0,1,Retail,Executive,Full-Time,Yes,Remote,Remote,Worldwide,"Snowflake, Airflow, Tableau"
job_20260419_8,Cloud Architect,GlobalBank,"Toronto, ON, Canada",84086,128707,2026-04-06,106396.5,0,Finance,Mid Level,Contract,No,Toronto,ON,Canada,"Terraform, Azure, CI/CD"
job_20260419_9,Machine Learning Engineer,CloudNet,"Toronto, ON, Canada",141285,191077,2026-04-05,166181.0,0,Retail,Mid Level,Contract,No,Toronto,ON,Canada,"Docker, Kubernetes, AWS"
job_20260419_10,Cloud Architect,AI Innovations,"Manchester, ENG, UK",95001,132423,2026-03-20,113712.0,1,Energy,Mid Level,Full-Time,Yes,Manchester,ENG,UK,"Terraform, AWS, CI/CD"
job_20260419_11,Cloud Architect,TechCorp,"Austin, TX, USA",195446,236742,2026-04-17,216094.0,0,Energy,Executive,Contract,No,Austin,TX,USA,"Terraform, CI/CD, AWS"
job_20260419_12,Data Scientist,FinTech Solutions,"Munich, BY, Germany",146051,166575,2026-03-23,156313.0,1,Technology,Mid Level,Part-Time,Yes,Munich,BY,Germany,"Machine Learning, Databricks, SQL"
job_20260419_13,Software Engineer,CloudNet,"Austin, TX, USA",186643,225241,2026-03-29,205942.0,1,Technology,Senior,Part-Time,Yes,Austin,TX,USA,"Docker, Airflow, Kubernetes"
job_20260419_14,Software Engineer,EcoEnergy,"Toronto, ON, Canada",103395,124428,2026-04-06,113911.5,0,Technology,Entry Level,Part-Time,No,Toronto,ON,Canada,"Docker, Airflow, AWS"
job_20260419_15,Data Engineer,DataSystems,"New York, NY, USA",145124,192377,2026-04-10,168750.5,1,Retail,Executive,Contract,Yes,New York,NY,USA,"Python, Airflow, Kubernetes"
job_20260419_16,DevOps Engineer,FinTech Solutions,"Chicago, IL, USA",143212,172798,2026-03-30,158005.0,0,Technology,Senior,Contract,No,Chicago,IL,USA,"Airflow, Kubernetes, AWS"
job_20260419_17,Machine Learning Engineer,FinTech Solutions,"Munich, BY, Germany",111023,144156,2026-03-23,127589.5,1,Technology,Senior,Part-Time,Yes,Munich,BY,Germany,"Docker, Airflow, AWS"
job_20260419_18,Analytics Engineer,GlobalBank,"Austin, TX, USA",112124,153111,2026-03-31,132617.5,1,Energy,Entry Level,Full-Time,Yes,Austin,TX,USA,"Airflow, Docker, Excel"
job_20260419_19,Software Engineer,TechCorp,"San Francisco, CA, USA",182719,225196,2026-03-24,203957.5,1,Healthcare,Executive,Contract,Yes,San Francisco,CA,USA,"Docker, Airflow, AWS"
job_20260419_20,Software Engineer,GlobalBank,"Remote, Remote, Remote",83596,127910,2026-03-31,105753.0,1,Retail,Mid Level,Part-Time,Yes,Remote,Remote,Worldwide,"Docker, Airflow, Kubernetes"
job_20260419_21,DevOps Engineer,AI Innovations,"Toronto, ON, Canada",96339,143038,2026-04-06,119688.5,1,Technology,Entry Level,Part-Time,Yes,Toronto,ON,Canada,"Airflow, Kubernetes, AWS"
job_20260419_22,Data Scientist,GlobalBank,"Austin, TX, USA",197265,227576,2026-04-04,212420.5,0,Finance,Executive,Full-Time,No,Austin,TX,USA,"Machine Learning, Snowflake, SQL"
job_20260419_23,Data Engineer,HealthPlus,"New York, NY, USA",104541,154253,2026-04-12,129397.0,1,Healthcare,Mid Level,Contract,Yes,New York,NY,USA,"Snowflake, Python, AWS"
job_20260419_24,Data Engineer,HealthPlus,"New York, NY, USA",199225,242165,2026-03-31,220695.0,0,Finance,Executive,Part-Time,No,New York,NY,USA,"Docker, SQL, AWS"
job_20260419_25,Software Engineer,FinTech Solutions,"Remote, Remote, Remote",193461,240925,2026-04-17,217193.0,1,Healthcare,Executive,Part-Time,Yes,Remote,Remote,Worldwide,"Docker, Kubernetes, AWS"
job_20260419_26,Software Engineer,AI Innovations,"Remote, Remote, Remote",131208,166783,2026-04-10,148995.5,1,Energy,Mid Level,Full-Time,Yes,Remote,Remote,Worldwide,"Docker, Kubernetes, AWS"
job_20260419_27,Data Scientist,FinTech Solutions,"New York, NY, USA",94806,143768,2026-03-23,119287.0,1,Retail,Mid Level,Part-Time,Yes,New York,NY,USA,"Databricks, Pandas, Python"
job_20260419_28,Cloud Architect,FinTech Solutions,"Berlin, BE, Germany",157764,199024,2026-03-23,178394.0,0,Energy,Executive,Part-Time,No,Berlin,BE,Germany,"Terraform, Azure, CI/CD"
job_20260419_29,Machine Learning Engineer,FinTech Solutions,"Manchester, ENG, UK",93793,135114,2026-03-26,114453.5,1,Energy,Entry Level,Contract,Yes,Manchester,ENG,UK,"Airflow, Kubernetes, AWS"
job_20260419_30,Data Engineer,TechCorp,"Chicago, IL, USA",145418,186364,2026-03-23,165891.0,0,Energy,Mid Level,Contract,No,Chicago,IL,USA,"Python, SQL, Tableau"
job_20260419_31,Data Engineer,GlobalBank,"London, ENG, UK",149346,181745,2026-04-07,165545.5,0,Energy,Mid Level,Part-Time,No,London,ENG,UK,"Snowflake, Docker, SQL"
job_20260419_32,Cloud Architect,EcoEnergy,"Austin, TX, USA",85217,113962,2026-03-26,99589.5,1,Retail,Entry Level,Contract,Yes,Austin,TX,USA,"CI/CD, Azure, AWS"
job_20260419_33,Software Engineer,DataSystems,"New York, NY, USA",83811,120143,2026-04-07,101977.0,0,Energy,Mid Level,Part-Time,No,New York,NY,USA,"Docker, Airflow, Kubernetes"
job_20260419_34,Data Scientist,HealthPlus,"Toronto, ON, Canada",130548,151249,2026-04-02,140898.5,1,Healthcare,Mid Level,Contract,Yes,Toronto,ON,Canada,"Machine Learning, Pandas, TensorFlow"
job_20260419_35,Data Scientist,DataSystems,"Sydney, NSW, Australia",180343,202312,2026-04-13,191327.5,0,Energy,Senior,Part-Time,No,Sydney,NSW,Australia,"Snowflake, Python, SQL"
job_20260419_36,Software Engineer,EcoEnergy,"Remote, Remote, Remote",177935,207796,2026-04-06,192865.5,1,Technology,Executive,Full-Time,Yes,Remote,Remote,Worldwide,"Docker, Airflow, Kubernetes"
job_20260419_37,Data Scientist,AI Innovations,"Sydney, NSW, Australia",72339,93845,2026-04-06,83092.0,1,Technology,Mid Level,Full-Time,Yes,Sydney,NSW,Australia,"SQL, Tableau, TensorFlow"
job_20260419_38,DevOps Engineer,TechCorp,"New York, NY, USA",79184,125165,2026-04-19,102174.5,0,Retail,Mid Level,Part-Time,No,New York,NY,USA,"Docker, Airflow, AWS"
job_20260419_39,Software Engineer,TechCorp,"Austin, TX, USA",79880,125754,2026-03-25,102817.0,0,Retail,Entry Level,Contract,No,Austin,TX,USA,"Docker, Airflow, AWS"
job_20260419_40,Machine Learning Engineer,GlobalBank,"Sydney, NSW, Australia",161779,187543,2026-03-20,174661.0,0,Finance,Senior,Contract,No,Sydney,NSW,Australia,"Airflow, Kubernetes, AWS"
job_20260419_41,Data Scientist,DataSystems,"Remote, Remote, Remote",192249,239046,2026-04-16,215647.5,1,Energy,Executive,Contract,Yes,Remote,Remote,Worldwide,"Machine Learning, Databricks, SQL"
job_20260419_42,Analytics Engineer,TechCorp,"Chicago, IL, USA",161964,189152,2026-04-06,175558.0,0,Retail,Executive,Full-Time,No,Chicago,IL,USA,"Excel, SQL, Kubernetes"
job_20260419_43,Cloud Architect,TechCorp,"London, ENG, UK",139289,181337,2026-04-09,160313.0,0,Healthcare,Senior,Part-Time,No,London,ENG,UK,"AWS, Azure, CI/CD"
job_20260419_44,Data Scientist,HealthPlus,"Austin, TX, USA",105308,151228,2026-04-11,128268.0,0,Retail,Entry Level,Part-Time,No,Austin,TX,USA,"Tableau, SQL, TensorFlow"
job_20260419_45,Analytics Engineer,AI Innovations,"Chicago, IL, USA",113473,143697,2026-04-19,128585.0,0,Finance,Senior,Contract,No,Chicago,IL,USA,"Power BI, SQL, Kubernetes"
job_20260419_46,Data Engineer,EcoEnergy,"Chicago, IL, USA",166930,199600,2026-03-22,183265.0,0,Retail,Executive,Full-Time,No,Chicago,IL,USA,"Docker, SQL, Kubernetes"
job_20260419_47,Analytics Engineer,GlobalBank,"Sydney, NSW, Australia",103899,143782,2026-03-21,123840.5,1,Energy,Mid Level,Full-Time,Yes,Sydney,NSW,Australia,"Power BI, Looker, Excel"
job_20260419_48,Data Scientist,FinTech Solutions,"Chicago, IL, USA",169254,219203,2026-04-03,194228.5,0,Retail,Senior,Part-Time,No,Chicago,IL,USA,"Machine Learning, Databricks, Pandas"
job_20260419_49,DevOps Engineer,GlobalBank,"Remote, Remote, Remote",128659,156232,2026-03-28,142445.5,1,Technology,Senior,Part-Time,Yes,Remote,Remote,Worldwide,"Docker, Kubernetes, AWS"
job_20260419_50,Data Engineer,DataSystems,"Toronto, ON, Canada",84388,129477,2026-04-11,106932.5,0,Technology,Entry Level,Part-Time,No,Toronto,ON,Canada,"Docker, Kubernetes, AWS"
job_20260419_51,Machine Learning Engineer,HealthPlus,"New York, NY, USA",163262,205637,2026-04-19,184449.5,0,Technology,Senior,Contract,No,New York,NY,USA,"Docker, Kubernetes, AWS"
job_20260419_52,Analytics Engineer,DataSystems,"Berlin, BE, Germany",144503,180376,2026-03-24,162439.5,0,Finance,Entry Level,Full-Time,No,Berlin,BE,Germany,"Power BI, Excel, AWS"
job_20260419_53,DevOps Engineer,FinTech Solutions,"Manchester, ENG, UK",73201,108777,2026-04-11,90989.0,0,Energy,Mid Level,Part-Time,No,Manchester,ENG,UK,"Airflow, Kubernetes, AWS"
job_20260419_54,Analytics Engineer,FinTech Solutions,"Remote, Remote, Remote",122187,165030,2026-04-04,143608.5,1,Healthcare,Mid Level,Part-Time,Yes,Remote,Remote,Worldwide,"Docker, Airflow, AWS"
job_20260419_55,Analytics Engineer,CloudNet,"Chicago, IL, USA",169584,199604,2026-04-01,184594.0,0,Retail,Executive,Full-Time,No,Chicago,IL,USA,"Power BI, Looker, Airflow"
job_20260419_56,Software Engineer,HealthPlus,"Sydney, NSW, Australia",99605,120075,2026-03-23,109840.0,1,Technology,Mid Level,Full-Time,Yes,Sydney,NSW,Australia,"Docker, Airflow, Kubernetes"
job_20260419_57,Machine Learning Engineer,TechCorp,"Munich, BY, Germany",183109,207966,2026-04-16,195537.5,0,Technology,Senior,Part-Time,No,Munich,BY,Germany,"Airflow, Kubernetes, AWS"
job_20260419_58,Analytics Engineer,CloudNet,"New York, NY, USA",101739,150941,2026-04-05,126340.0,0,Technology,Entry Level,Contract,No,New York,NY,USA,"Airflow, Excel, AWS"
job_20260419_59,Software Engineer,CloudNet,"Austin, TX, USA",144519,189818,2026-03-20,167168.5,1,Retail,Entry Level,Full-Time,Yes,Austin,TX,USA,"Docker, Airflow, Kubernetes"
job_20260419_60,Machine Learning Engineer,CloudNet,"Chicago, IL, USA",138753,174305,2026-03-20,156529.0,1,Retail,Senior,Full-Time,Yes,Chicago,IL,USA,"Docker, Airflow, Kubernetes"
job_20260419_61,Cloud Architect,AI Innovations,"Remote, Remote, Remote",113720,148722,2026-03-21,131221.0,1,Energy,Entry Level,Part-Time,Yes,Remote,Remote,Worldwide,"Terraform, AWS, CI/CD"
job_20260419_62,Data Scientist,GlobalBank,"Munich, BY, Germany",111863,134332,2026-03-29,123097.5,0,Healthcare,Mid Level,Part-Time,No,Munich,BY,Germany,"Machine Learning, SQL, TensorFlow"
job_20260419_63,Software Engineer,EcoEnergy,"Toronto, ON, Canada",155972,182395,2026-04-07,169183.5,0,Energy,Senior,Full-Time,No,Toronto,ON,Canada,"Docker, Airflow, Kubernetes"
job_20260419_64,DevOps Engineer,EcoEnergy,"Chicago, IL, USA",68468,107091,2026-03-29,87779.5,1,Energy,Mid Level,Full-Time,Yes,Chicago,IL,USA,"Docker, Kubernetes, AWS"
job_20260419_65,Data Scientist,HealthPlus,"Toronto, ON, Canada",74627,123005,2026-04-12,98816.0,0,Finance,Mid Level,Part-Time,No,Toronto,ON,Canada,"Tableau, Pandas, SQL"
job_20260419_66,Data Scientist,GlobalBank,"Manchester, ENG, UK",202820,247630,2026-04-04,225225.0,0,Finance,Executive,Contract,No,Manchester,ENG,UK,"Snowflake, SQL, Tableau"
job_20260419_67,Analytics Engineer,GlobalBank,"London, ENG, UK",153996,202829,2026-04-14,178412.5,1,Technology,Executive,Part-Time,Yes,London,ENG,UK,"Docker, Excel, AWS"
job_20260419_68,Data Scientist,AI Innovations,"New York, NY, USA",141966,166442,2026-03-27,154204.0,0,Finance,Senior,Part-Time,No,New York,NY,USA,"Machine Learning, Pandas, TensorFlow"
job_20260419_69,Software Engineer,HealthPlus,"Toronto, ON, Canada",108449,128759,2026-03-20,118604.0,1,Healthcare,Entry Level,Part-Time,Yes,Toronto,ON,Canada,"Docker, Airflow, Kubernetes"
job_20260419_70,Data Engineer,CloudNet,"Sydney, NSW, Australia",177915,203216,2026-04-02,190565.5,1,Finance,Executive,Contract,Yes,Sydney,NSW,Australia,"Tableau, Kubernetes, AWS"
job_20260419_71,Machine Learning Engineer,TechCorp,"New York, NY, USA",175053,201872,2026-03-26,188462.5,0,Healthcare,Executive,Contract,No,New York,NY,USA,"Airflow, Kubernetes, AWS"
job_20260419_72,Cloud Architect,TechCorp,"San Francisco, CA, USA",148786,192887,2026-03-25,170836.5,1,Finance,Senior,Part-Time,Yes,San Francisco,CA,USA,"Terraform, AWS, CI/CD"
job_20260419_73,Analytics Engineer,FinTech Solutions,"London, ENG, UK",141936,171154,2026-04-02,156545.0,0,Retail,Entry Level,Full-Time,No,London,ENG,UK,"Airflow, Excel, Kubernetes"
job_20260419_74,Analytics Engineer,GlobalBank,"Berlin, BE, Germany",168344,215532,2026-04-10,191938.0,0,Energy,Senior,Contract,No,Berlin,BE,Germany,"Looker, Airflow, Excel"
job_20260419_75,Data Scientist,GlobalBank,"New York, NY, USA",197462,238334,2026-03-23,217898.0,0,Technology,Executive,Part-Time,No,New York,NY,USA,"Databricks, SQL, TensorFlow"
job_20260419_76,Software Engineer,HealthPlus,"Chicago, IL, USA",141727,167473,2026-03-22,154600.0,1,Technology,Mid Level,Full-Time,Yes,Chicago,IL,USA,"Docker, Airflow, AWS"
job_20260419_77,Cloud Architect,DataSystems,"Chicago, IL, USA",141803,181976,2026-03-25,161889.5,0,Retail,Mid Level,Part-Time,No,Chicago,IL,USA,"Terraform, Azure, AWS"
job_20260419_78,Analytics Engineer,FinTech Solutions,"New York, NY, USA",151792,177385,2026-03-31,164588.5,0,Technology,Executive,Full-Time,No,New York,NY,USA,"Power BI, Looker, Kubernetes"
job_20260419_79,Data Scientist,AI Innovations,"Austin, TX, USA",106277,150080,2026-03-20,128178.5,1,Energy,Senior,Full-Time,Yes,Austin,TX,USA,"Python, Pandas, SQL"
job_20260419_80,Software Engineer,AI Innovations,"Remote, Remote, Remote",183148,228959,2026-04-16,206053.5,1,Healthcare,Executive,Contract,Yes,Remote,Remote,Worldwide,"Docker, Airflow, Kubernetes"
job_20260419_81,Cloud Architect,HealthPlus,"San Francisco, CA, USA",124842,150338,2026-04-10,137590.0,0,Retail,Mid Level,Full-Time,No,San Francisco,CA,USA,"Terraform, Azure, AWS"
job_20260419_82,DevOps Engineer,DataSystems,"Austin, TX, USA",75913,109045,2026-04-07,92479.0,1,Finance,Entry Level,Contract,Yes,Austin,TX,USA,"Docker, Airflow, AWS"
job_20260419_83,Analytics Engineer,CloudNet,"Berlin, BE, Germany",215368,245812,2026-03-26,230590.0,1,Healthcare,Executive,Full-Time,Yes,Berlin,BE,Germany,"Power BI, SQL, Airflow"
job_20260419_84,Data Scientist,GlobalBank,"Toronto, ON, Canada",210649,246478,2026-04-11,228563.5,0,Retail,Executive,Contract,No,Toronto,ON,Canada,"Machine Learning, Snowflake, Tableau"
job_20260419_85,Data Scientist,DataSystems,"New York, NY, USA",82657,118281,2026-04-02,100469.0,1,Retail,Mid Level,Full-Time,Yes,New York,NY,USA,"Tableau, SQL, TensorFlow"
job_20260419_86,Analytics Engineer,HealthPlus,"Sydney, NSW, Australia",140920,180736,2026-03-25,160828.0,0,Healthcare,Senior,Part-Time,No,Sydney,NSW,Australia,"Power BI, Kubernetes, AWS"
job_20260419_87,Data Scientist,TechCorp,"Sydney, NSW, Australia",79677,124816,2026-04-17,102246.5,1,Healthcare,Entry Level,Contract,Yes,Sydney,NSW,Australia,"Machine Learning, Databricks, Python"
job_20260419_88,Cloud Architect,EcoEnergy,"Munich, BY, Germany",113116,144810,2026-04-08,128963.0,0,Finance,Entry Level,Part-Time,No,Munich,BY,Germany,"Terraform, Azure, AWS"
job_20260419_89,Cloud Architect,GlobalBank,"Manchester, ENG, UK",109024,148952,2026-03-22,128988.0,1,Retail,Entry Level,Contract,Yes,Manchester,ENG,UK,"Terraform, Azure, CI/CD"
job_20260419_90,DevOps Engineer,HealthPlus,"London, ENG, UK",89406,121873,2026-04-13,105639.5,0,Energy,Mid Level,Contract,No,London,ENG,UK,"Docker, Airflow, Kubernetes"
job_20260419_91,Data Engineer,CloudNet,"Chicago, IL, USA",94048,120402,2026-03-26,107225.0,1,Healthcare,Entry Level,Contract,Yes,Chicago,IL,USA,"Snowflake, SQL, Kubernetes"
job_20260419_92,DevOps Engineer,GlobalBank,"New York, NY, USA",141146,190011,2026-04-01,165578.5,0,Healthcare,Executive,Full-Time,No,New York,NY,USA,"Docker, Kubernetes, AWS"
job_20260419_93,DevOps Engineer,CloudNet,"London, ENG, UK",102639,136317,2026-03-25,119478.0,1,Technology,Entry Level,Contract,Yes,London,ENG,UK,"Docker, Airflow, AWS"
job_20260419_94,Data Engineer,GlobalBank,"New York, NY, USA",98521,127406,2026-03-24,112963.5,0,Healthcare,Mid Level,Contract,No,New York,NY,USA,"Snowflake, Tableau, Kubernetes"
job_20260419_95,Cloud Architect,FinTech Solutions,"Berlin, BE, Germany",118474,161317,2026-04-05,139895.5,1,Technology,Mid Level,Contract,Yes,Berlin,BE,Germany,"CI/CD, Azure, AWS"
job_20260419_96,Data Engineer,EcoEnergy,"Remote, Remote, Remote",212631,255256,2026-04-02,233943.5,1,Finance,Executive,Contract,Yes,Remote,Remote,Worldwide,"Docker, Tableau, Kubernetes"
job_20260419_97,Software Engineer,CloudNet,"Toronto, ON, Canada",177269,216898,2026-04-17,197083.5,1,Energy,Senior,Full-Time,Yes,Toronto,ON,Canada,"Docker, Kubernetes, AWS"
job_20260419_98,DevOps Engineer,CloudNet,"New York, NY, USA",95044,122296,2026-03-29,108670.0,1,Energy,Entry Level,Full-Time,Yes,New York,NY,USA,"Airflow, Kubernetes, AWS"
job_20260419_99,Machine Learning Engineer,TechCorp,"Manchester, ENG, UK",168071,198638,2026-04-17,183354.5,1,Finance,Senior,Part-Time,Yes,Manchester,ENG,UK,"Docker, Kubernetes, AWS"
job_20260419_100,Cloud Architect,CloudNet,"Toronto, ON, Canada",136589,161750,2026-03-30,149169.5,1,Energy,Senior,Part-Time,Yes,Toronto,ON,Canada,"CI/CD, Azure, AWS"
job_20260419_101,Data Scientist,DataSystems,"Sydney, NSW, Australia",141595,172739,2026-04-04,157167.0,1,Technology,Entry Level,Part-Time,Yes,Sydney,NSW,Australia,"Databricks, Python, SQL"
job_20260419_102,Machine Learning Engineer,CloudNet,"Munich, BY, Germany",66292,101590,2026-03-28,83941.0,0,Technology,Entry Level,Part-Time,No,Munich,BY,Germany,"Docker, Airflow, Kubernetes"
job_20260419_103,Analytics Engineer,GlobalBank,"New York, NY, USA",147016,193448,2026-03-30,170232.0,1,Finance,Executive,Contract,Yes,New York,NY,USA,"SQL, Excel, AWS"
job_20260419_104,Cloud Architect,GlobalBank,"Manchester, ENG, UK",89724,138739,2026-04-12,114231.5,0,Healthcare,Mid Level,Part-Time,No,Manchester,ENG,UK,"Terraform, Azure, AWS"
job_20260419_105,Analytics Engineer,TechCorp,"Manchester, ENG, UK",140697,173355,2026-04-11,157026.0,0,Energy,Senior,Part-Time,No,Manchester,ENG,UK,"Looker, Kubernetes, AWS"
job_20260419_106,Machine Learning Engineer,CloudNet,"London, ENG, UK",143283,176103,2026-03-20,159693.0,1,Technology,Executive,Part-Time,Yes,London,ENG,UK,"Docker, Airflow, Kubernetes"
job_20260419_107,Analytics Engineer,AI Innovations,"Toronto, ON, Canada",158696,183172,2026-03-30,170934.0,1,Energy,Senior,Full-Time,Yes,Toronto,ON,Canada,"Power BI, Excel, Kubernetes"
job_20260419_108,Cloud Architect,FinTech Solutions,"Toronto, ON, Canada",145919,166973,2026-04-09,156446.0,0,Healthcare,Senior,Full-Time,No,Toronto,ON,Canada,"AWS, Azure, CI/CD"
job_20260419_109,Machine Learning Engineer,FinTech Solutions,"Manchester, ENG, UK",118815,162231,2026-04-19,140523.0,0,Finance,Entry Level,Contract,No,Manchester,ENG,UK,"Docker, Airflow, AWS"
job_20260419_110,Analytics Engineer,DataSystems,"Munich, BY, Germany",229426,275838,2026-03-29,252632.0,1,Retail,Executive,Full-Time,Yes,Munich,BY,Germany,"Excel, SQL, Airflow"
job_20260419_111,Software Engineer,TechCorp,"Munich, BY, Germany",103920,149657,2026-04-05,126788.5,0,Retail,Senior,Part-Time,No,Munich,BY,Germany,"Docker, Airflow, Kubernetes"
job_20260419_112,Analytics Engineer,HealthPlus,"Chicago, IL, USA",103938,147203,2026-04-18,125570.5,1,Healthcare,Entry Level,Full-Time,Yes,Chicago,IL,USA,"Power BI, Looker, Kubernetes"
job_20260419_113,Machine Learning Engineer,TechCorp,"San Francisco, CA, USA",206544,245433,2026-03-24,225988.5,1,Retail,Executive,Contract,Yes,San Francisco,CA,USA,"Docker, Airflow, Kubernetes"
job_20260419_114,Data Scientist,TechCorp,"Remote, Remote, Remote",207645,238134,2026-03-27,222889.5,1,Energy,Executive,Contract,Yes,Remote,Remote,Worldwide,"Machine Learning, Snowflake, TensorFlow"
job_20260419_115,Analytics Engineer,GlobalBank,"Remote, Remote, Remote",149560,185584,2026-03-31,167572.0,1,Retail,Mid Level,Contract,Yes,Remote,Remote,Worldwide,"Looker, SQL, Excel"
job_20260419_116,Data Scientist,TechCorp,"Austin, TX, USA",140310,166361,2026-04-10,153335.5,1,Technology,Entry Level,Part-Time,Yes,Austin,TX,USA,"Python, Pandas, SQL"
job_20260419_117,Machine Learning Engineer,HealthPlus,"Munich, BY, Germany",200517,242381,2026-04-07,221449.0,1,Energy,Executive,Contract,Yes,Munich,BY,Germany,"Docker, Airflow, Kubernetes"
job_20260419_118,Machine Learning Engineer,AI Innovations,"Chicago, IL, USA",117762,144428,2026-04-04,131095.0,0,Finance,Mid Level,Contract,No,Chicago,IL,USA,"Docker, Airflow, Kubernetes"
job_20260419_119,Software Engineer,DataSystems,"Chicago, IL, USA",134173,175537,2026-04-11,154855.0,0,Technology,Senior,Full-Time,No,Chicago,IL,USA,"Airflow, Kubernetes, AWS"
job_20260419_120,DevOps Engineer,TechCorp,"San Francisco, CA, USA",175041,214115,2026-04-06,194578.0,1,Energy,Executive,Part-Time,Yes,San Francisco,CA,USA,"Docker, Kubernetes, AWS"
job_20260419_121,Software Engineer,FinTech Solutions,"New York, NY, USA",87137,120160,2026-04-14,103648.5,1,Finance,Entry Level,Part-Time,Yes,New York,NY,USA,"Docker, Airflow, Kubernetes"
job_20260419_122,DevOps Engineer,CloudNet,"Manchester, ENG, UK",182030,210194,2026-04-03,196112.0,1,Technology,Senior,Full-Time,Yes,Manchester,ENG,UK,"Docker, Airflow, AWS"
job_20260419_123,Data Engineer,EcoEnergy,"Austin, TX, USA",127906,155771,2026-04-11,141838.5,0,Finance,Mid Level,Part-Time,No,Austin,TX,USA,"Snowflake, Docker, Kubernetes"
job_20260419_124,Machine Learning Engineer,EcoEnergy,"Toronto, ON, Canada",114649,146546,2026-04-10,130597.5,1,Finance,Mid Level,Full-Time,Yes,Toronto,ON,Canada,"Docker, Airflow, Kubernetes"
job_20260419_125,Analytics Engineer,CloudNet,"Austin, TX, USA",91140,114753,2026-04-15,102946.5,1,Retail,Entry Level,Contract,Yes,Austin,TX,USA,"Airflow, Excel, Kubernetes"
job_20260419_126,Analytics Engineer,DataSystems,"Austin, TX, USA",62622,88716,2026-04-09,75669.0,0,Healthcare,Entry Level,Part-Time,No,Austin,TX,USA,"Excel, Looker, Airflow"
job_20260419_127,Data Engineer,HealthPlus,"Austin, TX, USA",130575,169478,2026-04-15,150026.5,1,Finance,Mid Level,Part-Time,Yes,Austin,TX,USA,"Tableau, Airflow, SQL"
job_20260419_128,Software Engineer,EcoEnergy,"San Francisco, CA, USA",76046,98872,2026-04-01,87459.0,1,Technology,Mid Level,Part-Time,Yes,San Francisco,CA,USA,"Airflow, Kubernetes, AWS"
job_20260419_129,Analytics Engineer,EcoEnergy,"Munich, BY, Germany",92609,118924,2026-04-14,105766.5,0,Retail,Entry Level,Part-Time,No,Munich,BY,Germany,"Docker, Excel, AWS"
job_20260419_130,Software Engineer,HealthPlus,"San Francisco, CA, USA",133713,166740,2026-04-02,150226.5,1,Healthcare,Senior,Full-Time,Yes,San Francisco,CA,USA,"Docker, Airflow, AWS"
job_20260419_131,Cloud Architect,CloudNet,"New York, NY, USA",78477,102180,2026-03-27,90328.5,1,Retail,Entry Level,Full-Time,Yes,New York,NY,USA,"Terraform, AWS, CI/CD"
job_20260419_132,Machine Learning Engineer,DataSystems,"Munich, BY, Germany",158438,199251,2026-03-27,178844.5,0,Technology,Senior,Contract,No,Munich,BY,Germany,"Airflow, Kubernetes, AWS"
job_20260419_133,DevOps Engineer,HealthPlus,"Chicago, IL, USA",104966,135312,2026-04-19,120139.0,0,Technology,Entry Level,Full-Time,No,Chicago,IL,USA,"Docker, Airflow, AWS"
job_20260419_134,Data Engineer,CloudNet,"Toronto, ON, Canada",126757,154480,2026-03-30,140618.5,1,Retail,Entry Level,Full-Time,Yes,Toronto,ON,Canada,"Python, Docker, AWS"
job_20260419_135,Cloud Architect,EcoEnergy,"Berlin, BE, Germany",111193,132856,2026-04-16,122024.5,1,Energy,Entry Level,Full-Time,Yes,Berlin,BE,Germany,"CI/CD, Azure, AWS"
job_20260419_136,Software Engineer,GlobalBank,"Toronto, ON, Canada",113613,155808,2026-04-02,134710.5,1,Technology,Mid Level,Full-Time,Yes,Toronto,ON,Canada,"Airflow, Kubernetes, AWS"
job_20260419_137,Data Engineer,FinTech Solutions,"San Francisco, CA, USA",98538,142751,2026-03-20,120644.5,1,Retail,Mid Level,Full-Time,Yes,San Francisco,CA,USA,"Tableau, Airflow, Kubernetes"
job_20260419_138,Cloud Architect,GlobalBank,"Berlin, BE, Germany",62798,111534,2026-03-25,87166.0,1,Technology,Mid Level,Contract,Yes,Berlin,BE,Germany,"Terraform, AWS, CI/CD"
job_20260419_139,Cloud Architect,FinTech Solutions,"Toronto, ON, Canada",129529,169901,2026-03-25,149715.0,0,Healthcare,Mid Level,Contract,No,Toronto,ON,Canada,"Terraform, Azure, CI/CD"
job_20260419_140,DevOps Engineer,TechCorp,"Remote, Remote, Remote",160996,196031,2026-04-14,178513.5,1,Healthcare,Executive,Part-Time,Yes,Remote,Remote,Worldwide,"Docker, Airflow, AWS"
job_20260419_141,Cloud Architect,DataSystems,"Manchester, ENG, UK",165968,187484,2026-03-22,176726.0,1,Technology,Executive,Full-Time,Yes,Manchester,ENG,UK,"CI/CD, Azure, AWS"
job_20260419_142,Cloud Architect,TechCorp,"Toronto, ON, Canada",89812,133759,2026-04-04,111785.5,1,Healthcare,Mid Level,Part-Time,Yes,Toronto,ON,Canada,"Terraform, CI/CD, AWS"
job_20260419_143,DevOps Engineer,EcoEnergy,"Toronto, ON, Canada",83371,119987,2026-03-21,101679.0,0,Finance,Mid Level,Part-Time,No,Toronto,ON,Canada,"Docker, Airflow, AWS"
job_20260419_144,DevOps Engineer,AI Innovations,"London, ENG, UK",98514,134744,2026-04-02,116629.0,1,Retail,Mid Level,Part-Time,Yes,London,ENG,UK,"Docker, Kubernetes, AWS"
job_20260419_145,DevOps Engineer,GlobalBank,"Remote, Remote, Remote",205464,232304,2026-04-04,218884.0,1,Technology,Executive,Part-Time,Yes,Remote,Remote,Worldwide,"Airflow, Kubernetes, AWS"
job_20260419_146,Software Engineer,AI Innovations,"New York, NY, USA",92511,134072,2026-03-26,113291.5,0,Energy,Mid Level,Contract,No,New York,NY,USA,"Docker, Kubernetes, AWS"
job_20260419_147,DevOps Engineer,GlobalBank,"London, ENG, UK",189187,221641,2026-03-28,205414.0,0,Retail,Executive,Contract,No,London,ENG,UK,"Docker, Airflow, Kubernetes"
job_20260419_148,Analytics Engineer,FinTech Solutions,"Toronto, ON, Canada",113823,156949,2026-04-19,135386.0,0,Technology,Senior,Full-Time,No,Toronto,ON,Canada,"Power BI, SQL, Airflow"
job_20260419_149,Software Engineer,HealthPlus,"Sydney, NSW, Australia",149431,169723,2026-04-13,159577.0,0,Technology,Entry Level,Contract,No,Sydney,NSW,Australia,"Docker, Airflow, AWS"
job_20260419_150,DevOps Engineer,HealthPlus,"Berlin, BE, Germany",220348,252881,2026-03-24,236614.5,1,Finance,Executive,Contract,Yes,Berlin,BE,Germany,"Docker, Airflow, Kubernetes"
job_20260419_151,Data Scientist,DataSystems,"Toronto, ON, Canada",121949,160068,2026-04-18,141008.5,1,Finance,Senior,Contract,Yes,Toronto,ON,Canada,"Snowflake, Tableau, SQL"
job_20260419_152,Machine Learning Engineer,CloudNet,"Manchester, ENG, UK",136010,160983,2026-04-10,148496.5,0,Energy,Senior,Full-Time,No,Manchester,ENG,UK,"Docker, Airflow, Kubernetes"
job_20260419_153,Data Scientist,AI Innovations,"London, ENG, UK",89992,127689,2026-04-07,108840.5,0,Energy,Mid Level,Part-Time,No,London,ENG,UK,"Snowflake, Python, Tableau"
job_20260419_154,Cloud Architect,CloudNet,"New York, NY, USA",170855,204005,2026-03-30,187430.0,1,Healthcare,Senior,Contract,Yes,New York,NY,USA,"Terraform, CI/CD, AWS"
job_20260419_155,Data Scientist,AI Innovations,"Sydney, NSW, Australia",115860,157123,2026-04-02,136491.5,1,Finance,Entry Level,Part-Time,Yes,Sydney,NSW,Australia,"Machine Learning, Databricks, TensorFlow"
job_20260419_156,Analytics Engineer,GlobalBank,"Remote, Remote, Remote",137927,167665,2026-04-04,152796.0,1,Healthcare,Senior,Full-Time,Yes,Remote,Remote,Worldwide,"Power BI, Docker, Excel"
job_20260419_157,Analytics Engineer,EcoEnergy,"San Francisco, CA, USA",80287,119713,2026-04-16,100000.0,1,Finance,Entry Level,Contract,Yes,San Francisco,CA,USA,"Docker, Excel, Kubernetes"
job_20260419_158,Data Scientist,CloudNet,"Sydney, NSW, Australia",65105,95798,2026-04-12,80451.5,0,Finance,Mid Level,Full-Time,No,Sydney,NSW,Australia,"Machine Learning, Databricks, Pandas"
job_20260419_159,Data Scientist,HealthPlus,"Toronto, ON, Canada",110301,137307,2026-04-07,123804.0,0,Retail,Mid Level,Part-Time,No,Toronto,ON,Canada,"Snowflake, SQL, TensorFlow"
job_20260419_160,Software Engineer,TechCorp,"Toronto, ON, Canada",180139,221483,2026-03-22,200811.0,1,Technology,Senior,Part-Time,Yes,Toronto,ON,Canada,"Airflow, Kubernetes, AWS"
job_20260419_161,Software Engineer,CloudNet,"Sydney, NSW, Australia",63912,100374,2026-03-22,82143.0,1,Retail,Entry Level,Contract,Yes,Sydney,NSW,Australia,"Airflow, Kubernetes, AWS"
job_20260419_162,Software Engineer,EcoEnergy,"Toronto, ON, Canada",132854,177739,2026-03-29,155296.5,0,Retail,Senior,Contract,No,Toronto,ON,Canada,"Docker, Airflow, Kubernetes"
job_20260419_163,Software Engineer,FinTech Solutions,"Manchester, ENG, UK",101018,131180,2026-03-27,116099.0,1,Retail,Entry Level,Part-Time,Yes,Manchester,ENG,UK,"Docker, Kubernetes, AWS"
job_20260419_164,Data Scientist,DataSystems,"Munich, BY, Germany",97065,131238,2026-04-02,114151.5,1,Energy,Mid Level,Contract,Yes,Munich,BY,Germany,"Databricks, Python, Tableau"
job_20260419_165,DevOps Engineer,EcoEnergy,"Remote, Remote, Remote",205044,254869,2026-04-18,229956.5,1,Finance,Executive,Contract,Yes,Remote,Remote,Worldwide,"Airflow, Kubernetes, AWS"
job_20260419_166,Cloud Architect,GlobalBank,"Austin, TX, USA",116428,164752,2026-04-15,140590.0,0,Technology,Mid Level,Contract,No,Austin,TX,USA,"CI/CD, Azure, AWS"
job_20260419_167,Analytics Engineer,HealthPlus,"London, ENG, UK",166285,211649,2026-04-19,188967.0,0,Retail,Executive,Part-Time,No,London,ENG,UK,"Power BI, Looker, Airflow"
job_20260419_168,DevOps Engineer,GlobalBank,"Manchester, ENG, UK",99933,122145,2026-04-01,111039.0,0,Finance,Mid Level,Part-Time,No,Manchester,ENG,UK,"Docker, Airflow, Kubernetes"
job_20260419_169,Cloud Architect,CloudNet,"San Francisco, CA, USA",86452,120712,2026-03-31,103582.0,0,Technology,Entry Level,Full-Time,No,San Francisco,CA,USA,"AWS, Azure, CI/CD"
job_20260419_170,Software Engineer,GlobalBank,"Sydney, NSW, Australia",134457,171309,2026-04-13,152883.0,1,Technology,Entry Level,Part-Time,Yes,Sydney,NSW,Australia,"Docker, Kubernetes, AWS"
job_20260419_171,Machine Learning Engineer,EcoEnergy,"London, ENG, UK",133316,174795,2026-04-18,154055.5,0,Healthcare,Entry Level,Part-Time,No,London,ENG,UK,"Docker, Kubernetes, AWS"
job_20260419_172,Software Engineer,DataSystems,"Chicago, IL, USA",143123,172483,2026-03-22,157803.0,0,Technology,Senior,Full-Time,No,Chicago,IL,USA,"Docker, Airflow, Kubernetes"
job_20260419_173,Software Engineer,GlobalBank,"Chicago, IL, USA",229130,261282,2026-04-10,245206.0,1,Retail,Executive,Full-Time,Yes,Chicago,IL,USA,"Airflow, Kubernetes, AWS"
job_20260419_174,Data Engineer,CloudNet,"Berlin, BE, Germany",209404,242749,2026-04-14,226076.5,1,Finance,Executive,Full-Time,Yes,Berlin,BE,Germany,"Snowflake, Python, AWS"
job_20260419_175,Cloud Architect,FinTech Solutions,"New York, NY, USA",191973,231478,2026-04-19,211725.5,1,Technology,Executive,Part-Time,Yes,New York,NY,USA,"AWS, Azure, CI/CD"
job_20260419_176,Analytics Engineer,HealthPlus,"Munich, BY, Germany",95117,144405,2026-03-26,119761.0,0,Energy,Mid Level,Full-Time,No,Munich,BY,Germany,"Docker, SQL, Kubernetes"
job_20260419_177,Data Engineer,HealthPlus,"London, ENG, UK",161410,190021,2026-04-18,175715.5,1,Retail,Senior,Contract,Yes,London,ENG,UK,"Snowflake, Python, SQL"
job_20260419_178,Cloud Architect,CloudNet,"Manchester, ENG, UK",130253,180167,2026-03-22,155210.0,1,Finance,Entry Level,Part-Time,Yes,Manchester,ENG,UK,"Terraform, AWS, CI/CD"
job_20260419_179,Data Scientist,EcoEnergy,"London, ENG, UK",80784,121339,2026-03-31,101061.5,0,Technology,Entry Level,Full-Time,No,London,ENG,UK,"Machine Learning, Snowflake, Python"
job_20260419_180,Cloud Architect,DataSystems,"Toronto, ON, Canada",176162,226070,2026-04-17,201116.0,1,Energy,Executive,Contract,Yes,Toronto,ON,Canada,"Terraform, Azure, AWS"
job_20260419_181,Data Scientist,EcoEnergy,"Toronto, ON, Canada",138050,161956,2026-04-07,150003.0,1,Retail,Entry Level,Full-Time,Yes,Toronto,ON,Canada,"Snowflake, SQL, Tableau"
job_20260419_182,Data Scientist,GlobalBank,"London, ENG, UK",202954,252758,2026-03-24,227856.0,1,Finance,Executive,Full-Time,Yes,London,ENG,UK,"Databricks, SQL, TensorFlow"
job_20260419_183,Cloud Architect,DataSystems,"Munich, BY, Germany",165802,210580,2026-03-25,188191.0,1,Healthcare,Executive,Contract,Yes,Munich,BY,Germany,"Terraform, Azure, AWS"
job_20260419_184,Analytics Engineer,CloudNet,"Munich, BY, Germany",134542,174043,2026-03-20,154292.5,1,Finance,Entry Level,Contract,Yes,Munich,BY,Germany,"Looker, Airflow, Kubernetes"
job_20260419_185,Software Engineer,DataSystems,"London, ENG, UK",107886,152588,2026-04-09,130237.0,0,Technology,Senior,Full-Time,No,London,ENG,UK,"Docker, Airflow, AWS"
job_20260419_186,Data Scientist,GlobalBank,"Manchester, ENG, UK",87967,131555,2026-04-01,109761.0,1,Technology,Mid Level,Part-Time,Yes,Manchester,ENG,UK,"Machine Learning, Databricks, SQL"
job_20260419_187,Machine Learning Engineer,FinTech Solutions,"Berlin, BE, Germany",134567,170885,2026-04-02,152726.0,1,Technology,Senior,Part-Time,Yes,Berlin,BE,Germany,"Docker, Airflow, Kubernetes"
job_20260419_188,DevOps Engineer,GlobalBank,"Chicago, IL, USA",197277,242791,2026-04-18,220034.0,1,Finance,Executive,Contract,Yes,Chicago,IL,USA,"Docker, Airflow, Kubernetes"
job_20260419_189,Data Scientist,EcoEnergy,"Sydney, NSW, Australia",62018,94525,2026-04-14,78271.5,0,Finance,Mid Level,Part-Time,No,Sydney,NSW,Australia,"Tableau, SQL, TensorFlow"
job_20260419_190,Analytics Engineer,CloudNet,"Toronto, ON, Canada",94969,129544,2026-04-07,112256.5,0,Retail,Mid Level,Contract,No,Toronto,ON,Canada,"Docker, Airflow, Kubernetes"
job_20260419_191,Data Scientist,FinTech Solutions,"Chicago, IL, USA",144560,181473,2026-03-20,163016.5,1,Finance,Mid Level,Full-Time,Yes,Chicago,IL,USA,"Snowflake, Pandas, Python"
job_20260419_192,Machine Learning Engineer,FinTech Solutions,"Munich, BY, Germany",217259,259632,2026-04-03,238445.5,1,Retail,Executive,Contract,Yes,Munich,BY,Germany,"Docker, Airflow, AWS"
job_20260419_193,Software Engineer,GlobalBank,"Toronto, ON, Canada",189612,229658,2026-04-17,209635.0,0,Finance,Executive,Contract,No,Toronto,ON,Canada,"Docker, Airflow, Kubernetes"
job_20260419_194,Software Engineer,CloudNet,"San Francisco, CA, USA",220891,241485,2026-03-28,231188.0,1,Healthcare,Executive,Part-Time,Yes,San Francisco,CA,USA,"Docker, Airflow, Kubernetes"
job_20260419_195,DevOps Engineer,HealthPlus,"Austin, TX, USA",104777,126304,2026-03-25,115540.5,0,Retail,Senior,Part-Time,No,Austin,TX,USA,"Airflow, Kubernetes, AWS"
job_20260419_196,DevOps Engineer,TechCorp,"Berlin, BE, Germany",119052,155102,2026-03-28,137077.0,0,Finance,Entry Level,Full-Time,No,Berlin,BE,Germany,"Docker, Kubernetes, AWS"
job_20260419_197,DevOps Engineer,CloudNet,"Manchester, ENG, UK",79457,125910,2026-04-11,102683.5,1,Energy,Mid Level,Full-Time,Yes,Manchester,ENG,UK,"Airflow, Kubernetes, AWS"
job_20260419_198,Data Scientist,FinTech Solutions,"Sydney, NSW, Australia",177104,204777,2026-04-06,190940.5,0,Healthcare,Senior,Contract,No,Sydney,NSW,Australia,"Snowflake, Pandas, SQL"
job_20260419_199,Data Scientist,FinTech Solutions,"Berlin, BE, Germany",214101,246427,2026-04-11,230264.0,1,Retail,Executive,Contract,Yes,Berlin,BE,Germany,"Machine Learning, Databricks, Pandas"
job_20260419_200,Data Scientist,EcoEnergy,"Chicago, IL, USA",146770,177095,2026-04-01,161932.5,0,Energy,Senior,Part-Time,No,Chicago,IL,USA,"Python, Pandas, TensorFlow"
job_20260419_201,Machine Learning Engineer,GlobalBank,"Munich, BY, Germany",137419,187113,2026-04-12,162266.0,0,Technology,Mid Level,Part-Time,No,Munich,BY,Germany,"Docker, Airflow, AWS"
job_20260419_202,DevOps Engineer,AI Innovations,"Sydney, NSW, Australia",117600,154002,2026-04-16,135801.0,1,Retail,Entry Level,Full-Time,Yes,Sydney,NSW,Australia,"Docker, Airflow, Kubernetes"
job_20260419_203,Data Scientist,HealthPlus,"Munich, BY, Germany",216168,239474,2026-03-21,227821.0,0,Finance,Executive,Contract,No,Munich,BY,Germany,"Machine Learning, SQL, Tableau"
job_20260419_204,Software Engineer,DataSystems,"San Francisco, CA, USA",85541,132762,2026-04-14,109151.5,0,Retail,Mid Level,Part-Time,No,San Francisco,CA,USA,"Docker, Airflow, Kubernetes"
job_20260419_205,Data Engineer,EcoEnergy,"San Francisco, CA, USA",172618,202953,2026-04-10,187785.5,1,Retail,Executive,Part-Time,Yes,San Francisco,CA,USA,"Snowflake, Tableau, AWS"
job_20260419_206,Software Engineer,CloudNet,"Berlin, BE, Germany",99535,141082,2026-04-01,120308.5,0,Healthcare,Mid Level,Part-Time,No,Berlin,BE,Germany,"Docker, Kubernetes, AWS"
job_20260419_207,Software Engineer,GlobalBank,"Chicago, IL, USA",112934,143704,2026-04-04,128319.0,0,Technology,Mid Level,Part-Time,No,Chicago,IL,USA,"Docker, Airflow, AWS"
job_20260419_208,Software Engineer,DataSystems,"Manchester, ENG, UK",85645,133517,2026-03-21,109581.0,0,Technology,Mid Level,Part-Time,No,Manchester,ENG,UK,"Docker, Kubernetes, AWS"
job_20260419_209,Software Engineer,AI Innovations,"New York, NY, USA",146055,167622,2026-04-12,156838.5,1,Technology,Entry Level,Part-Time,Yes,New York,NY,USA,"Docker, Kubernetes, AWS"
job_20260419_210,Data Scientist,GlobalBank,"Munich, BY, Germany",161593,206298,2026-03-28,183945.5,1,Finance,Executive,Full-Time,Yes,Munich,BY,Germany,"Snowflake, Databricks, Tableau"
job_20260419_211,Data Engineer,GlobalBank,"Berlin, BE, Germany",69778,90246,2026-03-24,80012.0,0,Technology,Entry Level,Part-Time,No,Berlin,BE,Germany,"SQL, Kubernetes, AWS"
job_20260419_212,Cloud Architect,CloudNet,"Austin, TX, USA",177516,205590,2026-04-14,191553.0,1,Retail,Executive,Part-Time,Yes,Austin,TX,USA,"Terraform, Azure, AWS"
job_20260419_213,Software Engineer,CloudNet,"Berlin, BE, Germany",149853,193218,2026-03-25,171535.5,0,Healthcare,Mid Level,Contract,No,Berlin,BE,Germany,"Airflow, Kubernetes, AWS"
job_20260419_214,Data Scientist,TechCorp,"Sydney, NSW, Australia",103061,124826,2026-04-19,113943.5,0,Healthcare,Senior,Part-Time,No,Sydney,NSW,Australia,"Pandas, Tableau, TensorFlow"
job_20260419_215,Machine Learning Engineer,GlobalBank,"Sydney, NSW, Australia",172769,195914,2026-04-07,184341.5,1,Retail,Senior,Contract,Yes,Sydney,NSW,Australia,"Docker, Airflow, Kubernetes"
job_20260419_216,DevOps Engineer,GlobalBank,"London, ENG, UK",96843,139917,2026-04-08,118380.0,1,Finance,Entry Level,Contract,Yes,London,ENG,UK,"Airflow, Kubernetes, AWS"
job_20260419_217,Cloud Architect,AI Innovations,"Toronto, ON, Canada",129729,151439,2026-04-17,140584.0,0,Energy,Senior,Part-Time,No,Toronto,ON,Canada,"Terraform, Azure, CI/CD"
job_20260419_218,Analytics Engineer,CloudNet,"London, ENG, UK",127681,175687,2026-04-15,151684.0,0,Retail,Senior,Part-Time,No,London,ENG,UK,"Looker, Airflow, Excel"
job_20260419_219,Analytics Engineer,GlobalBank,"Chicago, IL, USA",141263,169813,2026-04-02,155538.0,0,Energy,Executive,Part-Time,No,Chicago,IL,USA,"Docker, SQL, AWS"
job_20260419_220,Machine Learning Engineer,TechCorp,"Chicago, IL, USA",171006,202584,2026-03-24,186795.0,0,Energy,Executive,Part-Time,No,Chicago,IL,USA,"Docker, Kubernetes, AWS"
job_20260419_221,Machine Learning Engineer,HealthPlus,"Sydney, NSW, Australia",111783,147974,2026-03-26,129878.5,0,Finance,Senior,Contract,No,Sydney,NSW,Australia,"Docker, Airflow, AWS"
job_20260419_222,Data Scientist,DataSystems,"London, ENG, UK",169218,210755,2026-03-23,189986.5,0,Retail,Executive,Full-Time,No,London,ENG,UK,"Pandas, SQL, Tableau"
job_20260419_223,Data Scientist,GlobalBank,"London, ENG, UK",63412,96823,2026-04-14,80117.5,1,Energy,Mid Level,Contract,Yes,London,ENG,UK,"Databricks, Python, TensorFlow"
job_20260419_224,Cloud Architect,EcoEnergy,"Chicago, IL, USA",106917,151995,2026-03-31,129456.0,0,Technology,Mid Level,Contract,No,Chicago,IL,USA,"Terraform, CI/CD, AWS"
job_20260419_225,Data Scientist,TechCorp,"Toronto, ON, Canada",82827,116863,2026-03-26,99845.0,0,Energy,Mid Level,Full-Time,No,Toronto,ON,Canada,"Tableau, Python, SQL"
job_20260419_226,Data Scientist,GlobalBank,"Manchester, ENG, UK",111365,140852,2026-04-10,126108.5,0,Finance,Senior,Part-Time,No,Manchester,ENG,UK,"Databricks, Pandas, Snowflake"
job_20260419_227,Cloud Architect,AI Innovations,"Toronto, ON, Canada",123341,163589,2026-04-10,143465.0,1,Healthcare,Senior,Contract,Yes,Toronto,ON,Canada,"AWS, Azure, CI/CD"
job_20260419_228,Machine Learning Engineer,CloudNet,"Berlin, BE, Germany",178170,218692,2026-04-09,198431.0,0,Energy,Executive,Contract,No,Berlin,BE,Germany,"Docker, Airflow, Kubernetes"
job_20260419_229,Data Engineer,HealthPlus,"San Francisco, CA, USA",158299,192413,2026-04-19,175356.0,0,Retail,Senior,Contract,No,San Francisco,CA,USA,"Docker, SQL, Kubernetes"
job_20260419_230,Machine Learning Engineer,TechCorp,"Manchester, ENG, UK",122133,154231,2026-04-13,138182.0,1,Energy,Mid Level,Part-Time,Yes,Manchester,ENG,UK,"Docker, Kubernetes, AWS"
job_20260419_231,Data Engineer,GlobalBank,"Berlin, BE, Germany",164092,206381,2026-03-25,185236.5,1,Retail,Executive,Contract,Yes,Berlin,BE,Germany,"Snowflake, Docker, Airflow"
job_20260419_232,DevOps Engineer,AI Innovations,"Berlin, BE, Germany",206645,253613,2026-04-06,230129.0,0,Retail,Executive,Part-Time,No,Berlin,BE,Germany,"Docker, Kubernetes, AWS"
job_20260419_233,Data Scientist,AI Innovations,"Toronto, ON, Canada",143509,166869,2026-03-26,155189.0,0,Energy,Executive,Contract,No,Toronto,ON,Canada,"Snowflake, Python, Tableau"
job_20260419_234,Cloud Architect,EcoEnergy,"Munich, BY, Germany",73758,102872,2026-04-12,88315.0,0,Healthcare,Mid Level,Part-Time,No,Munich,BY,Germany,"Terraform, Azure, CI/CD"
job_20260419_235,Analytics Engineer,DataSystems,"Sydney, NSW, Australia",154793,175814,2026-03-30,165303.5,1,Healthcare,Executive,Full-Time,Yes,Sydney,NSW,Australia,"Power BI, Kubernetes, AWS"
job_20260419_236,Data Engineer,HealthPlus,"Austin, TX, USA",142056,171757,2026-03-29,156906.5,1,Technology,Executive,Part-Time,Yes,Austin,TX,USA,"Airflow, Kubernetes, AWS"
job_20260419_237,Machine Learning Engineer,AI Innovations,"Munich, BY, Germany",202286,244360,2026-03-27,223323.0,0,Technology,Executive,Full-Time,No,Munich,BY,Germany,"Docker, Airflow, AWS"
job_20260419_238,DevOps Engineer,AI Innovations,"Chicago, IL, USA",145276,168213,2026-04-02,156744.5,1,Finance,Mid Level,Full-Time,Yes,Chicago,IL,USA,"Airflow, Kubernetes, AWS"
job_20260419_239,Data Engineer,EcoEnergy,"Chicago, IL, USA",202068,250758,2026-03-22,226413.0,0,Retail,Executive,Full-Time,No,Chicago,IL,USA,"Python, Airflow, Kubernetes"
job_20260419_240,Cloud Architect,HealthPlus,"London, ENG, UK",167771,216090,2026-03-22,191930.5,1,Finance,Senior,Part-Time,Yes,London,ENG,UK,"AWS, Azure, CI/CD"
job_20260419_241,Analytics Engineer,CloudNet,"Austin, TX, USA",108687,142799,2026-04-14,125743.0,0,Technology,Entry Level,Contract,No,Austin,TX,USA,"Power BI, Kubernetes, AWS"
job_20260419_242,Data Engineer,CloudNet,"Toronto, ON, Canada",219646,258907,2026-03-23,239276.5,0,Technology,Executive,Full-Time,No,Toronto,ON,Canada,"Airflow, Tableau, AWS"
job_20260419_243,Machine Learning Engineer,EcoEnergy,"New York, NY, USA",167092,210683,2026-04-19,188887.5,0,Technology,Executive,Part-Time,No,New York,NY,USA,"Docker, Airflow, AWS"
job_20260419_244,Data Scientist,EcoEnergy,"Sydney, NSW, Australia",143739,184139,2026-04-19,163939.0,1,Finance,Mid Level,Full-Time,Yes,Sydney,NSW,Australia,"Machine Learning, Snowflake, Python"
job_20260419_245,Machine Learning Engineer,TechCorp,"Austin, TX, USA",158409,195567,2026-04-10,176988.0,0,Healthcare,Senior,Part-Time,No,Austin,TX,USA,"Docker, Airflow, AWS"
job_20260419_246,Data Engineer,TechCorp,"Munich, BY, Germany",77074,114181,2026-04-13,95627.5,1,Healthcare,Entry Level,Part-Time,Yes,Munich,BY,Germany,"Snowflake, Docker, Airflow"
job_20260419_247,DevOps Engineer,TechCorp,"San Francisco, CA, USA",181976,216769,2026-04-15,199372.5,1,Retail,Senior,Contract,Yes,San Francisco,CA,USA,"Airflow, Kubernetes, AWS"
job_20260419_248,Cloud Architect,EcoEnergy,"Chicago, IL, USA",142687,169593,2026-03-23,156140.0,1,Finance,Mid Level,Full-Time,Yes,Chicago,IL,USA,"Terraform, AWS, CI/CD"
job_20260419_249,DevOps Engineer,TechCorp,"Chicago, IL, USA",175586,201147,2026-04-17,188366.5,1,Healthcare,Executive,Contract,Yes,Chicago,IL,USA,"Docker, Kubernetes, AWS"
job_20260419_250,Data Engineer,TechCorp,"Remote, Remote, Remote",152024,193995,2026-04-02,173009.5,1,Retail,Senior,Full-Time,Yes,Remote,Remote,Worldwide,"Snowflake, Docker, Kubernetes"
job_20260419_251,Data Engineer,EcoEnergy,"Sydney, NSW, Australia",136229,175527,2026-04-07,155878.0,0,Technology,Senior,Full-Time,No,Sydney,NSW,Australia,"SQL, Kubernetes, AWS"
job_20260419_252,Machine Learning Engineer,FinTech Solutions,"Manchester, ENG, UK",123074,146145,2026-03-24,134609.5,0,Energy,Senior,Part-Time,No,Manchester,ENG,UK,"Docker, Airflow, Kubernetes"
job_20260419_253,DevOps Engineer,FinTech Solutions,"Toronto, ON, Canada",115777,159608,2026-04-19,137692.5,1,Finance,Mid Level,Contract,Yes,Toronto,ON,Canada,"Docker, Kubernetes, AWS"
job_20260419_254,DevOps Engineer,FinTech Solutions,"Toronto, ON, Canada",188301,233619,2026-03-20,210960.0,1,Energy,Senior,Contract,Yes,Toronto,ON,Canada,"Docker, Airflow, Kubernetes"
job_20260419_255,Data Scientist,EcoEnergy,"Chicago, IL, USA",93027,136327,2026-04-16,114677.0,1,Energy,Mid Level,Full-Time,Yes,Chicago,IL,USA,"Machine Learning, Tableau, TensorFlow"
job_20260419_256,Data Engineer,DataSystems,"Remote, Remote, Remote",146905,192804,2026-03-24,169854.5,1,Retail,Entry Level,Contract,Yes,Remote,Remote,Worldwide,"Docker, Tableau, AWS"
job_20260419_257,DevOps Engineer,DataSystems,"Chicago, IL, USA",187229,210617,2026-03-29,198923.0,0,Finance,Senior,Part-Time,No,Chicago,IL,USA,"Docker, Airflow, Kubernetes"
job_20260419_258,Machine Learning Engineer,CloudNet,"Austin, TX, USA",101408,124665,2026-04-11,113036.5,0,Technology,Mid Level,Part-Time,No,Austin,TX,USA,"Docker, Kubernetes, AWS"
job_20260419_259,DevOps Engineer,TechCorp,"London, ENG, UK",200673,244641,2026-03-24,222657.0,1,Healthcare,Executive,Full-Time,Yes,London,ENG,UK,"Docker, Airflow, Kubernetes"
job_20260419_260,Machine Learning Engineer,HealthPlus,"New York, NY, USA",112107,144546,2026-04-10,128326.5,1,Healthcare,Mid Level,Full-Time,Yes,New York,NY,USA,"Docker, Kubernetes, AWS"
job_20260419_261,Analytics Engineer,TechCorp,"Remote, Remote, Remote",120068,158130,2026-03-31,139099.0,1,Retail,Entry Level,Full-Time,Yes,Remote,Remote,Worldwide,"Power BI, Excel, Kubernetes"
job_20260419_262,Cloud Architect,AI Innovations,"Austin, TX, USA",113916,152624,2026-04-04,133270.0,1,Retail,Senior,Contract,Yes,Austin,TX,USA,"Terraform, CI/CD, AWS"
job_20260419_263,Cloud Architect,DataSystems,"Sydney, NSW, Australia",125528,171010,2026-03-24,148269.0,0,Technology,Mid Level,Part-Time,No,Sydney,NSW,Australia,"Terraform, Azure, CI/CD"
job_20260419_264,Software Engineer,DataSystems,"Toronto, ON, Canada",141338,168343,2026-03-22,154840.5,1,Finance,Mid Level,Part-Time,Yes,Toronto,ON,Canada,"Airflow, Kubernetes, AWS"
job_20260419_265,DevOps Engineer,EcoEnergy,"London, ENG, UK",108976,158308,2026-04-19,133642.0,1,Technology,Mid Level,Full-Time,Yes,London,ENG,UK,"Docker, Airflow, AWS"
job_20260419_266,Software Engineer,FinTech Solutions,"London, ENG, UK",178554,213591,2026-03-31,196072.5,1,Finance,Executive,Full-Time,Yes,London,ENG,UK,"Docker, Airflow, AWS"
job_20260419_267,Software Engineer,GlobalBank,"London, ENG, UK",188840,238734,2026-03-22,213787.0,1,Finance,Executive,Full-Time,Yes,London,ENG,UK,"Docker, Airflow, Kubernetes"
job_20260419_268,Analytics Engineer,HealthPlus,"Berlin, BE, Germany",165117,202307,2026-03-23,183712.0,0,Retail,Senior,Contract,No,Berlin,BE,Germany,"Docker, SQL, AWS"
job_20260419_269,Software Engineer,AI Innovations,"Austin, TX, USA",71295,94506,2026-03-20,82900.5,0,Energy,Entry Level,Contract,No,Austin,TX,USA,"Docker, Kubernetes, AWS"
job_20260419_270,Machine Learning Engineer,DataSystems,"Austin, TX, USA",183424,216960,2026-03-23,200192.0,0,Retail,Senior,Contract,No,Austin,TX,USA,"Docker, Airflow, Kubernetes"
job_20260419_271,Software Engineer,EcoEnergy,"Remote, Remote, Remote",123047,172602,2026-04-08,147824.5,1,Energy,Senior,Part-Time,Yes,Remote,Remote,Worldwide,"Airflow, Kubernetes, AWS"
job_20260419_272,Data Engineer,DataSystems,"London, ENG, UK",126175,146556,2026-04-19,136365.5,0,Finance,Senior,Full-Time,No,London,ENG,UK,"Python, Docker, SQL"
job_20260419_273,Machine Learning Engineer,CloudNet,"Sydney, NSW, Australia",165890,190930,2026-04-06,178410.0,1,Finance,Senior,Contract,Yes,Sydney,NSW,Australia,"Docker, Kubernetes, AWS"
job_20260419_274,Analytics Engineer,FinTech Solutions,"Sydney, NSW, Australia",156970,177672,2026-04-16,167321.0,0,Retail,Senior,Contract,No,Sydney,NSW,Australia,"Excel, Kubernetes, AWS"
job_20260419_275,Analytics Engineer,FinTech Solutions,"Austin, TX, USA",149083,190977,2026-04-02,170030.0,0,Finance,Entry Level,Contract,No,Austin,TX,USA,"Looker, SQL, AWS"
job_20260419_276,Analytics Engineer,EcoEnergy,"Chicago, IL, USA",70563,103150,2026-03-20,86856.5,0,Energy,Entry Level,Part-Time,No,Chicago,IL,USA,"Power BI, Looker, Docker"
job_20260419_277,DevOps Engineer,TechCorp,"Munich, BY, Germany",125849,158808,2026-04-17,142328.5,0,Healthcare,Mid Level,Contract,No,Munich,BY,Germany,"Docker, Airflow, Kubernetes"
job_20260419_278,Machine Learning Engineer,FinTech Solutions,"San Francisco, CA, USA",115854,136581,2026-04-06,126217.5,0,Finance,Senior,Full-Time,No,San Francisco,CA,USA,"Docker, Airflow, AWS"
job_20260419_279,Data Scientist,AI Innovations,"Chicago, IL, USA",111793,153387,2026-04-17,132590.0,0,Energy,Mid Level,Full-Time,No,Chicago,IL,USA,"Databricks, Python, SQL"
job_20260419_280,Analytics Engineer,EcoEnergy,"Austin, TX, USA",134563,179776,2026-04-08,157169.5,0,Healthcare,Senior,Contract,No,Austin,TX,USA,"Looker, Docker, SQL"
job_20260419_281,Cloud Architect,DataSystems,"Berlin, BE, Germany",84098,123738,2026-04-15,103918.0,1,Retail,Entry Level,Part-Time,Yes,Berlin,BE,Germany,"Terraform, AWS, CI/CD"
job_20260419_282,Data Engineer,AI Innovations,"Manchester, ENG, UK",137433,161125,2026-03-29,149279.0,1,Finance,Senior,Part-Time,Yes,Manchester,ENG,UK,"Snowflake, Tableau, SQL"
job_20260419_283,DevOps Engineer,AI Innovations,"San Francisco, CA, USA",94504,127760,2026-03-29,111132.0,0,Finance,Entry Level,Contract,No,San Francisco,CA,USA,"Docker, Airflow, AWS"
job_20260419_284,Analytics Engineer,FinTech Solutions,"Toronto, ON, Canada",217661,246923,2026-04-08,232292.0,0,Technology,Executive,Contract,No,Toronto,ON,Canada,"Power BI, SQL, AWS"
job_20260419_285,Machine Learning Engineer,TechCorp,"San Francisco, CA, USA",135862,157113,2026-04-05,146487.5,0,Technology,Senior,Part-Time,No,San Francisco,CA,USA,"Docker, Airflow, AWS"
job_20260419_286,Analytics Engineer,CloudNet,"Sydney, NSW, Australia",102973,140324,2026-04-08,121648.5,1,Healthcare,Mid Level,Full-Time,Yes,Sydney,NSW,Australia,"SQL, Airflow, AWS"
job_20260419_287,Cloud Architect,DataSystems,"Sydney, NSW, Australia",145212,188721,2026-04-09,166966.5,1,Retail,Executive,Full-Time,Yes,Sydney,NSW,Australia,"AWS, Azure, CI/CD"
job_20260419_288,Machine Learning Engineer,HealthPlus,"Sydney, NSW, Australia",156466,195903,2026-04-18,176184.5,1,Technology,Executive,Part-Time,Yes,Sydney,NSW,Australia,"Airflow, Kubernetes, AWS"
job_20260419_289,Data Engineer,TechCorp,"Toronto, ON, Canada",131220,175900,2026-03-26,153560.0,1,Healthcare,Senior,Contract,Yes,Toronto,ON,Canada,"Tableau, Airflow, Kubernetes"
job_20260419_290,Data Scientist,EcoEnergy,"London, ENG, UK",99960,141153,2026-04-18,120556.5,1,Finance,Mid Level,Full-Time,Yes,London,ENG,UK,"Machine Learning, Python, SQL"
job_20260419_291,Data Scientist,DataSystems,"Remote, Remote, Remote",79390,99758,2026-04-10,89574.0,1,Retail,Entry Level,Contract,Yes,Remote,Remote,Worldwide,"Python, Tableau, TensorFlow"
job_20260419_292,Analytics Engineer,FinTech Solutions,"Toronto, ON, Canada",137752,183858,2026-04-07,160805.0,0,Finance,Senior,Full-Time,No,Toronto,ON,Canada,"Power BI, Airflow, SQL"
job_20260419_293,Software Engineer,HealthPlus,"Toronto, ON, Canada",140546,169117,2026-03-26,154831.5,1,Technology,Mid Level,Full-Time,Yes,Toronto,ON,Canada,"Docker, Airflow, Kubernetes"
job_20260419_294,Software Engineer,DataSystems,"Austin, TX, USA",121732,143975,2026-04-07,132853.5,0,Retail,Senior,Part-Time,No,Austin,TX,USA,"Docker, Airflow, AWS"
job_20260419_295,Machine Learning Engineer,HealthPlus,"London, ENG, UK",70305,100779,2026-03-26,85542.0,1,Finance,Entry Level,Part-Time,Yes,London,ENG,UK,"Docker, Airflow, Kubernetes"
job_20260419_296,Cloud Architect,CloudNet,"Chicago, IL, USA",169744,218225,2026-03-24,193984.5,1,Healthcare,Senior,Full-Time,Yes,Chicago,IL,USA,"CI/CD, Azure, AWS"
job_20260419_297,Cloud Architect,FinTech Solutions,"New York, NY, USA",163067,210821,2026-03-20,186944.0,0,Technology,Senior,Full-Time,No,New York,NY,USA,"Terraform, Azure, CI/CD"
job_20260419_298,Software Engineer,AI Innovations,"Remote, Remote, Remote",137087,185538,2026-03-22,161312.5,1,Energy,Entry Level,Part-Time,Yes,Remote,Remote,Worldwide,"Airflow, Kubernetes, AWS"
job_20260419_299,Software Engineer,TechCorp,"Remote, Remote, Remote",204670,251451,2026-04-18,228060.5,1,Technology,Executive,Contract,Yes,Remote,Remote,Worldwide,"Docker, Airflow, Kubernetes"
job_20260419_300,Software Engineer,HealthPlus,"Toronto, ON, Canada",65837,109438,2026-03-28,87637.5,1,Energy,Entry Level,Part-Time,Yes,Toronto,ON,Canada,"Airflow, Kubernetes, AWS"
job_20260419_301,DevOps Engineer,AI Innovations,"Munich, BY, Germany",178284,207592,2026-04-12,192938.0,0,Finance,Senior,Part-Time,No,Munich,BY,Germany,"Docker, Airflow, AWS"
job_20260419_302,Software Engineer,HealthPlus,"Munich, BY, Germany",133231,159946,2026-04-12,146588.5,0,Retail,Entry Level,Part-Time,No,Munich,BY,Germany,"Airflow, Kubernetes, AWS"
job_20260419_303,Data Engineer,CloudNet,"Manchester, ENG, UK",129352,166027,2026-04-18,147689.5,0,Energy,Mid Level,Contract,No,Manchester,ENG,UK,"Snowflake, Python, Kubernetes"
job_20260419_304,DevOps Engineer,GlobalBank,"Remote, Remote, Remote",135161,159292,2026-04-19,147226.5,1,Healthcare,Entry Level,Part-Time,Yes,Remote,Remote,Worldwide,"Docker, Airflow, Kubernetes"
job_20260419_305,Software Engineer,FinTech Solutions,"Sydney, NSW, Australia",186495,212193,2026-04-09,199344.0,0,Healthcare,Executive,Part-Time,No,Sydney,NSW,Australia,"Airflow, Kubernetes, AWS"
job_20260419_306,Analytics Engineer,GlobalBank,"Austin, TX, USA",60902,102488,2026-04-14,81695.0,1,Energy,Entry Level,Part-Time,Yes,Austin,TX,USA,"Power BI, Airflow, SQL"
job_20260419_307,Analytics Engineer,FinTech Solutions,"Sydney, NSW, Australia",165729,205431,2026-04-14,185580.0,0,Energy,Executive,Part-Time,No,Sydney,NSW,Australia,"Power BI, Airflow, Kubernetes"
job_20260419_308,Analytics Engineer,AI Innovations,"New York, NY, USA",136521,173248,2026-04-10,154884.5,0,Retail,Senior,Full-Time,No,New York,NY,USA,"Excel, Airflow, Kubernetes"
job_20260419_309,Analytics Engineer,TechCorp,"San Francisco, CA, USA",174099,213577,2026-03-28,193838.0,1,Finance,Senior,Part-Time,Yes,San Francisco,CA,USA,"Docker, Excel, Kubernetes"
job_20260419_310,Cloud Architect,HealthPlus,"London, ENG, UK",60360,99447,2026-03-28,79903.5,1,Healthcare,Mid Level,Contract,Yes,London,ENG,UK,"Terraform, CI/CD, AWS"
job_20260419_311,Machine Learning Engineer,HealthPlus,"Munich, BY, Germany",126023,154208,2026-04-04,140115.5,1,Finance,Entry Level,Full-Time,Yes,Munich,BY,Germany,"Docker, Airflow, AWS"
job_20260419_312,Cloud Architect,FinTech Solutions,"Toronto, ON, Canada",105488,137713,2026-04-17,121600.5,1,Retail,Senior,Part-Time,Yes,Toronto,ON,Canada,"Terraform, Azure, AWS"
job_20260419_313,Analytics Engineer,DataSystems,"Sydney, NSW, Australia",100124,140232,2026-03-27,120178.0,1,Energy,Entry Level,Full-Time,Yes,Sydney,NSW,Australia,"Power BI, Looker, AWS"
job_20260419_314,Analytics Engineer,AI Innovations,"New York, NY, USA",116584,139530,2026-03-24,128057.0,1,Finance,Mid Level,Contract,Yes,New York,NY,USA,"Power BI, Looker, Kubernetes"
job_20260419_315,Data Engineer,FinTech Solutions,"Sydney, NSW, Australia",122995,158104,2026-04-03,140549.5,1,Healthcare,Mid Level,Full-Time,Yes,Sydney,NSW,Australia,"Snowflake, Docker, AWS"
job_20260419_316,Analytics Engineer,FinTech Solutions,"San Francisco, CA, USA",137712,177693,2026-04-09,157702.5,1,Healthcare,Mid Level,Part-Time,Yes,San Francisco,CA,USA,"Power BI, Looker, Kubernetes"
job_20260419_317,Analytics Engineer,EcoEnergy,"Munich, BY, Germany",199471,242872,2026-04-01,221171.5,1,Technology,Executive,Part-Time,Yes,Munich,BY,Germany,"Looker, Docker, Kubernetes"
job_20260419_318,Data Engineer,FinTech Solutions,"Sydney, NSW, Australia",197219,235981,2026-04-18,216600.0,1,Retail,Executive,Full-Time,Yes,Sydney,NSW,Australia,"Tableau, Kubernetes, AWS"
job_20260419_319,Software Engineer,EcoEnergy,"Austin, TX, USA",156065,191291,2026-04-19,173678.0,0,Healthcare,Senior,Full-Time,No,Austin,TX,USA,"Docker, Airflow, Kubernetes"
job_20260419_320,Machine Learning Engineer,AI Innovations,"San Francisco, CA, USA",71300,92682,2026-04-06,81991.0,0,Technology,Entry Level,Part-Time,No,San Francisco,CA,USA,"Docker, Airflow, Kubernetes"
job_20260419_321,Data Scientist,TechCorp,"Sydney, NSW, Australia",119819,156768,2026-03-27,138293.5,0,Healthcare,Entry Level,Contract,No,Sydney,NSW,Australia,"Machine Learning, Tableau, SQL"
job_20260419_322,Machine Learning Engineer,AI Innovations,"Sydney, NSW, Australia",72213,98624,2026-03-28,85418.5,1,Energy,Mid Level,Full-Time,Yes,Sydney,NSW,Australia,"Docker, Airflow, Kubernetes"
job_20260419_323,Data Scientist,GlobalBank,"Berlin, BE, Germany",192356,222065,2026-03-21,207210.5,0,Retail,Executive,Full-Time,No,Berlin,BE,Germany,"Machine Learning, Databricks, Tableau"
job_20260419_324,DevOps Engineer,GlobalBank,"Sydney, NSW, Australia",227469,274659,2026-04-07,251064.0,1,Healthcare,Executive,Contract,Yes,Sydney,NSW,Australia,"Docker, Kubernetes, AWS"
job_20260419_325,Machine Learning Engineer,AI Innovations,"Berlin, BE, Germany",124611,169253,2026-03-26,146932.0,0,Energy,Senior,Full-Time,No,Berlin,BE,Germany,"Docker, Airflow, AWS"
job_20260419_326,DevOps Engineer,EcoEnergy,"San Francisco, CA, USA",114712,149347,2026-04-03,132029.5,0,Finance,Entry Level,Contract,No,San Francisco,CA,USA,"Docker, Kubernetes, AWS"
job_20260419_327,Software Engineer,TechCorp,"London, ENG, UK",125071,174916,2026-03-25,149993.5,0,Healthcare,Mid Level,Contract,No,London,ENG,UK,"Airflow, Kubernetes, AWS"
job_20260419_328,DevOps Engineer,CloudNet,"Austin, TX, USA",158543,184733,2026-04-11,171638.0,1,Energy,Executive,Part-Time,Yes,Austin,TX,USA,"Docker, Airflow, AWS"
job_20260419_329,Data Engineer,DataSystems,"Sydney, NSW, Australia",100943,132471,2026-03-29,116707.0,0,Energy,Senior,Full-Time,No,Sydney,NSW,Australia,"Snowflake, Docker, Airflow"
job_20260419_330,Software Engineer,DataSystems,"Munich, BY, Germany",115701,151158,2026-04-08,133429.5,0,Energy,Entry Level,Full-Time,No,Munich,BY,Germany,"Docker, Airflow, AWS"
job_20260419_331,Data Scientist,FinTech Solutions,"Munich, BY, Germany",163609,196717,2026-04-01,180163.0,0,Technology,Executive,Part-Time,No,Munich,BY,Germany,"Machine Learning, Snowflake, SQL"
job_20260419_332,DevOps Engineer,DataSystems,"Toronto, ON, Canada",118011,141488,2026-04-09,129749.5,0,Finance,Entry Level,Full-Time,No,Toronto,ON,Canada,"Docker, Airflow, AWS"
job_20260419_333,Cloud Architect,GlobalBank,"Berlin, BE, Germany",109179,155227,2026-03-23,132203.0,0,Healthcare,Senior,Contract,No,Berlin,BE,Germany,"Terraform, Azure, CI/CD"
job_20260419_334,Software Engineer,EcoEnergy,"Manchester, ENG, UK",164223,210304,2026-04-09,187263.5,1,Retail,Executive,Full-Time,Yes,Manchester,ENG,UK,"Docker, Airflow, Kubernetes"
job_20260419_335,Data Engineer,HealthPlus,"Manchester, ENG, UK",160934,193401,2026-04-01,177167.5,1,Healthcare,Executive,Contract,Yes,Manchester,ENG,UK,"Python, SQL, Airflow"
job_20260419_336,DevOps Engineer,HealthPlus,"New York, NY, USA",146638,172167,2026-04-10,159402.5,0,Healthcare,Mid Level,Part-Time,No,New York,NY,USA,"Docker, Kubernetes, AWS"
job_20260419_337,Data Scientist,FinTech Solutions,"Chicago, IL, USA",209463,240396,2026-04-05,224929.5,1,Energy,Executive,Part-Time,Yes,Chicago,IL,USA,"Snowflake, Python, TensorFlow"
job_20260419_338,Analytics Engineer,HealthPlus,"Berlin, BE, Germany",128086,170508,2026-04-04,149297.0,1,Technology,Mid Level,Full-Time,Yes,Berlin,BE,Germany,"Airflow, SQL, AWS"
job_20260419_339,Cloud Architect,FinTech Solutions,"Berlin, BE, Germany",183801,216724,2026-04-05,200262.5,0,Healthcare,Executive,Full-Time,No,Berlin,BE,Germany,"CI/CD, Azure, AWS"
job_20260419_340,Data Engineer,FinTech Solutions,"Munich, BY, Germany",119773,169420,2026-03-28,144596.5,1,Energy,Mid Level,Contract,Yes,Munich,BY,Germany,"Python, Docker, Airflow"
job_20260419_341,Software Engineer,DataSystems,"London, ENG, UK",134253,182754,2026-03-21,158503.5,1,Retail,Senior,Full-Time,Yes,London,ENG,UK,"Docker, Airflow, Kubernetes"
job_20260419_342,Data Engineer,FinTech Solutions,"New York, NY, USA",167823,193112,2026-04-15,180467.5,0,Finance,Senior,Part-Time,No,New York,NY,USA,"Airflow, Kubernetes, AWS"
job_20260419_343,Machine Learning Engineer,GlobalBank,"Munich, BY, Germany",61283,90037,2026-03-30,75660.0,0,Energy,Mid Level,Full-Time,No,Munich,BY,Germany,"Docker, Airflow, Kubernetes"
job_20260419_344,DevOps Engineer,GlobalBank,"London, ENG, UK",160810,191963,2026-04-11,176386.5,1,Technology,Senior,Part-Time,Yes,London,ENG,UK,"Docker, Kubernetes, AWS"
job_20260419_345,DevOps Engineer,TechCorp,"San Francisco, CA, USA",134164,171862,2026-03-20,153013.0,0,Finance,Senior,Full-Time,No,San Francisco,CA,USA,"Docker, Airflow, Kubernetes"
job_20260419_346,Machine Learning Engineer,EcoEnergy,"Austin, TX, USA",189087,211468,2026-04-06,200277.5,1,Healthcare,Senior,Contract,Yes,Austin,TX,USA,"Docker, Airflow, Kubernetes"
job_20260419_347,Data Engineer,TechCorp,"New York, NY, USA",63033,97953,2026-04-17,80493.0,1,Finance,Entry Level,Part-Time,Yes,New York,NY,USA,"Tableau, SQL, AWS"
job_20260419_348,Data Engineer,DataSystems,"Remote, Remote, Remote",100613,138748,2026-04-13,119680.5,1,Energy,Mid Level,Part-Time,Yes,Remote,Remote,Worldwide,"SQL, Docker, Tableau"
job_20260419_349,Data Scientist,AI Innovations,"London, ENG, UK",85792,134017,2026-04-07,109904.5,0,Retail,Entry Level,Full-Time,No,London,ENG,UK,"Machine Learning, Snowflake, TensorFlow"
job_20260419_350,Analytics Engineer,TechCorp,"Berlin, BE, Germany",135988,164317,2026-03-21,150152.5,0,Healthcare,Mid Level,Part-Time,No,Berlin,BE,Germany,"Docker, Excel, Kubernetes"
job_20260419_351,Data Engineer,HealthPlus,"Chicago, IL, USA",96741,126872,2026-04-06,111806.5,0,Energy,Mid Level,Contract,No,Chicago,IL,USA,"Snowflake, Python, SQL"
job_20260419_352,Data Scientist,FinTech Solutions,"Remote, Remote, Remote",219817,240942,2026-03-21,230379.5,1,Finance,Executive,Part-Time,Yes,Remote,Remote,Worldwide,"Machine Learning, Snowflake, SQL"
job_20260419_353,Data Scientist,AI Innovations,"Toronto, ON, Canada",145050,190123,2026-04-04,167586.5,0,Finance,Entry Level,Part-Time,No,Toronto,ON,Canada,"Databricks, SQL, TensorFlow"
job_20260419_354,Cloud Architect,CloudNet,"Austin, TX, USA",161755,190193,2026-03-30,175974.0,1,Retail,Senior,Full-Time,Yes,Austin,TX,USA,"Terraform, Azure, CI/CD"
job_20260419_355,Data Engineer,AI Innovations,"Austin, TX, USA",167225,203257,2026-04-10,185241.0,0,Energy,Senior,Contract,No,Austin,TX,USA,"Snowflake, Airflow, AWS"
job_20260419_356,Analytics Engineer,GlobalBank,"Toronto, ON, Canada",134368,158344,2026-04-10,146356.0,0,Energy,Senior,Full-Time,No,Toronto,ON,Canada,"Looker, Docker, Airflow"
job_20260419_357,Data Engineer,EcoEnergy,"Manchester, ENG, UK",188828,230747,2026-04-07,209787.5,0,Energy,Executive,Part-Time,No,Manchester,ENG,UK,"Snowflake, Docker, SQL"
job_20260419_358,Cloud Architect,AI Innovations,"Berlin, BE, Germany",110836,152613,2026-03-22,131724.5,0,Healthcare,Mid Level,Part-Time,No,Berlin,BE,Germany,"Terraform, Azure, AWS"
job_20260419_359,Software Engineer,HealthPlus,"Sydney, NSW, Australia",111366,150874,2026-04-04,131120.0,1,Finance,Mid Level,Contract,Yes,Sydney,NSW,Australia,"Airflow, Kubernetes, AWS"
job_20260419_360,Analytics Engineer,EcoEnergy,"San Francisco, CA, USA",88822,112157,2026-04-08,100489.5,0,Finance,Entry Level,Contract,No,San Francisco,CA,USA,"Power BI, Excel, SQL"
job_20260419_361,Cloud Architect,TechCorp,"Austin, TX, USA",188939,223680,2026-03-28,206309.5,0,Technology,Senior,Contract,No,Austin,TX,USA,"CI/CD, Azure, AWS"
job_20260419_362,Machine Learning Engineer,GlobalBank,"London, ENG, UK",142123,183050,2026-04-15,162586.5,1,Technology,Executive,Part-Time,Yes,London,ENG,UK,"Docker, Kubernetes, AWS"
job_20260419_363,Analytics Engineer,AI Innovations,"Berlin, BE, Germany",72446,117419,2026-04-01,94932.5,1,Retail,Mid Level,Part-Time,Yes,Berlin,BE,Germany,"Airflow, Docker, Excel"
job_20260419_364,DevOps Engineer,FinTech Solutions,"Manchester, ENG, UK",174219,199996,2026-03-26,187107.5,1,Retail,Executive,Part-Time,Yes,Manchester,ENG,UK,"Airflow, Kubernetes, AWS"
job_20260419_365,Software Engineer,FinTech Solutions,"Chicago, IL, USA",199719,240808,2026-04-01,220263.5,1,Finance,Executive,Full-Time,Yes,Chicago,IL,USA,"Docker, Kubernetes, AWS"
job_20260419_366,Software Engineer,TechCorp,"Toronto, ON, Canada",125798,158351,2026-04-13,142074.5,0,Technology,Mid Level,Part-Time,No,Toronto,ON,Canada,"Airflow, Kubernetes, AWS"
job_20260419_367,Machine Learning Engineer,CloudNet,"Remote, Remote, Remote",79449,101653,2026-03-31,90551.0,1,Technology,Mid Level,Full-Time,Yes,Remote,Remote,Worldwide,"Docker, Airflow, Kubernetes"
job_20260419_368,Software Engineer,CloudNet,"Chicago, IL, USA",229312,270434,2026-03-23,249873.0,1,Technology,Executive,Full-Time,Yes,Chicago,IL,USA,"Docker, Airflow, Kubernetes"
job_20260419_369,Analytics Engineer,GlobalBank,"New York, NY, USA",79403,102422,2026-04-05,90912.5,0,Technology,Entry Level,Full-Time,No,New York,NY,USA,"Power BI, Docker, SQL"
job_20260419_370,Data Scientist,TechCorp,"San Francisco, CA, USA",77095,115127,2026-04-01,96111.0,1,Energy,Mid Level,Contract,Yes,San Francisco,CA,USA,"Python, SQL, TensorFlow"
job_20260419_371,Cloud Architect,FinTech Solutions,"New York, NY, USA",146038,174349,2026-04-01,160193.5,0,Healthcare,Executive,Part-Time,No,New York,NY,USA,"Terraform, Azure, CI/CD"
job_20260419_372,Software Engineer,HealthPlus,"Sydney, NSW, Australia",103236,135427,2026-03-26,119331.5,1,Energy,Entry Level,Part-Time,Yes,Sydney,NSW,Australia,"Docker, Kubernetes, AWS"
job_20260419_373,Data Scientist,CloudNet,"Munich, BY, Germany",145356,167297,2026-03-28,156326.5,1,Healthcare,Entry Level,Contract,Yes,Munich,BY,Germany,"Machine Learning, Databricks, TensorFlow"
job_20260419_374,Analytics Engineer,GlobalBank,"Berlin, BE, Germany",133042,179658,2026-04-15,156350.0,0,Finance,Mid Level,Part-Time,No,Berlin,BE,Germany,"SQL, Docker, Excel"
job_20260419_375,Machine Learning Engineer,AI Innovations,"Sydney, NSW, Australia",165071,202910,2026-04-16,183990.5,0,Technology,Executive,Part-Time,No,Sydney,NSW,Australia,"Docker, Airflow, Kubernetes"
job_20260419_376,Machine Learning Engineer,DataSystems,"Remote, Remote, Remote",86030,133687,2026-04-01,109858.5,1,Retail,Mid Level,Part-Time,Yes,Remote,Remote,Worldwide,"Airflow, Kubernetes, AWS"
job_20260419_377,Cloud Architect,DataSystems,"Chicago, IL, USA",196847,228644,2026-04-16,212745.5,1,Healthcare,Executive,Contract,Yes,Chicago,IL,USA,"CI/CD, Azure, AWS"
job_20260419_378,Machine Learning Engineer,CloudNet,"Austin, TX, USA",97026,137570,2026-03-21,117298.0,0,Retail,Mid Level,Part-Time,No,Austin,TX,USA,"Docker, Kubernetes, AWS"
job_20260419_379,Machine Learning Engineer,DataSystems,"Sydney, NSW, Australia",177793,220041,2026-04-16,198917.0,0,Retail,Senior,Contract,No,Sydney,NSW,Australia,"Docker, Kubernetes, AWS"
job_20260419_380,Machine Learning Engineer,EcoEnergy,"Munich, BY, Germany",73646,108105,2026-04-11,90875.5,0,Energy,Mid Level,Full-Time,No,Munich,BY,Germany,"Docker, Airflow, AWS"
job_20260419_381,Cloud Architect,FinTech Solutions,"Sydney, NSW, Australia",186696,208791,2026-03-22,197743.5,0,Retail,Executive,Full-Time,No,Sydney,NSW,Australia,"Terraform, AWS, CI/CD"
job_20260419_382,Data Scientist,HealthPlus,"Manchester, ENG, UK",163412,194623,2026-04-14,179017.5,0,Finance,Executive,Part-Time,No,Manchester,ENG,UK,"Machine Learning, SQL, TensorFlow"
job_20260419_383,Analytics Engineer,TechCorp,"London, ENG, UK",185738,235535,2026-04-15,210636.5,1,Retail,Executive,Contract,Yes,London,ENG,UK,"Docker, Excel, AWS"
job_20260419_384,Cloud Architect,FinTech Solutions,"London, ENG, UK",159624,187600,2026-04-19,173612.0,1,Healthcare,Senior,Full-Time,Yes,London,ENG,UK,"AWS, Azure, CI/CD"
job_20260419_385,Software Engineer,CloudNet,"Manchester, ENG, UK",211080,251976,2026-03-25,231528.0,1,Retail,Executive,Part-Time,Yes,Manchester,ENG,UK,"Docker, Airflow, Kubernetes"
job_20260419_386,Software Engineer,CloudNet,"Sydney, NSW, Australia",113102,162460,2026-04-01,137781.0,1,Technology,Senior,Contract,Yes,Sydney,NSW,Australia,"Docker, Airflow, Kubernetes"
job_20260419_387,Analytics Engineer,FinTech Solutions,"Sydney, NSW, Australia",189730,212692,2026-04-11,201211.0,0,Technology,Executive,Contract,No,Sydney,NSW,Australia,"Looker, Airflow, AWS"
job_20260419_388,Cloud Architect,EcoEnergy,"Sydney, NSW, Australia",133430,168178,2026-03-20,150804.0,1,Technology,Entry Level,Full-Time,Yes,Sydney,NSW,Australia,"Terraform, Azure, AWS"
job_20260419_389,Machine Learning Engineer,EcoEnergy,"Toronto, ON, Canada",123334,164286,2026-03-28,143810.0,1,Technology,Entry Level,Part-Time,Yes,Toronto,ON,Canada,"Airflow, Kubernetes, AWS"
job_20260419_390,Data Scientist,GlobalBank,"Chicago, IL, USA",155016,203951,2026-04-17,179483.5,0,Technology,Senior,Full-Time,No,Chicago,IL,USA,"Snowflake, Databricks, Pandas"
job_20260419_391,Analytics Engineer,DataSystems,"Austin, TX, USA",218129,259080,2026-04-08,238604.5,0,Healthcare,Executive,Full-Time,No,Austin,TX,USA,"Power BI, Docker, Kubernetes"
job_20260419_392,Software Engineer,DataSystems,"Sydney, NSW, Australia",63595,106402,2026-04-12,84998.5,1,Healthcare,Entry Level,Part-Time,Yes,Sydney,NSW,Australia,"Docker, Airflow, AWS"
job_20260419_393,Cloud Architect,HealthPlus,"Berlin, BE, Germany",186711,213580,2026-04-13,200145.5,1,Energy,Senior,Full-Time,Yes,Berlin,BE,Germany,"Terraform, Azure, AWS"
job_20260419_394,Analytics Engineer,TechCorp,"Remote, Remote, Remote",116368,140559,2026-03-22,128463.5,1,Finance,Entry Level,Part-Time,Yes,Remote,Remote,Worldwide,"Docker, Excel, AWS"
job_20260419_395,Cloud Architect,FinTech Solutions,"Manchester, ENG, UK",155585,182692,2026-03-22,169138.5,1,Technology,Executive,Full-Time,Yes,Manchester,ENG,UK,"Terraform, Azure, AWS"
job_20260419_396,Analytics Engineer,TechCorp,"Austin, TX, USA",229112,272567,2026-03-20,250839.5,0,Finance,Executive,Part-Time,No,Austin,TX,USA,"Power BI, Looker, AWS"
job_20260419_397,Analytics Engineer,TechCorp,"Austin, TX, USA",156252,178948,2026-03-27,167600.0,1,Retail,Executive,Contract,Yes,Austin,TX,USA,"Airflow, Docker, SQL"
job_20260419_398,Data Scientist,EcoEnergy,"Toronto, ON, Canada",102005,138426,2026-03-20,120215.5,1,Finance,Senior,Full-Time,Yes,Toronto,ON,Canada,"Databricks, Python, Tableau"
job_20260419_399,Machine Learning Engineer,FinTech Solutions,"Toronto, ON, Canada",167014,187455,2026-04-06,177234.5,1,Finance,Senior,Part-Time,Yes,Toronto,ON,Canada,"Docker, Kubernetes, AWS"
job_20260419_400,Cloud Architect,GlobalBank,"San Francisco, CA, USA",139492,184084,2026-04-17,161788.0,0,Energy,Mid Level,Part-Time,No,San Francisco,CA,USA,"Terraform, Azure, AWS"
job_20260419_401,DevOps Engineer,HealthPlus,"Toronto, ON, Canada",152904,182974,2026-04-17,167939.0,1,Finance,Senior,Full-Time,Yes,Toronto,ON,Canada,"Docker, Airflow, AWS"
job_20260419_402,Cloud Architect,AI Innovations,"Berlin, BE, Germany",192228,215210,2026-04-12,203719.0,0,Healthcare,Executive,Contract,No,Berlin,BE,Germany,"Terraform, Azure, AWS"
job_20260419_403,Data Scientist,HealthPlus,"Munich, BY, Germany",91424,131424,2026-03-30,111424.0,1,Finance,Mid Level,Contract,Yes,Munich,BY,Germany,"Snowflake, Databricks, SQL"
job_20260419_404,Software Engineer,EcoEnergy,"London, ENG, UK",79526,99833,2026-04-09,89679.5,0,Healthcare,Mid Level,Part-Time,No,London,ENG,UK,"Docker, Airflow, Kubernetes"
job_20260419_405,Data Scientist,EcoEnergy,"London, ENG, UK",105204,133207,2026-04-12,119205.5,0,Retail,Entry Level,Full-Time,No,London,ENG,UK,"Machine Learning, Python, SQL"
job_20260419_406,Data Scientist,EcoEnergy,"London, ENG, UK",146434,171336,2026-03-22,158885.0,0,Energy,Entry Level,Contract,No,London,ENG,UK,"Databricks, Python, TensorFlow"
job_20260419_407,Cloud Architect,HealthPlus,"Berlin, BE, Germany",161610,201475,2026-03-24,181542.5,0,Energy,Executive,Contract,No,Berlin,BE,Germany,"Terraform, AWS, CI/CD"
job_20260419_408,Data Engineer,HealthPlus,"Austin, TX, USA",116617,155229,2026-04-01,135923.0,1,Technology,Mid Level,Full-Time,Yes,Austin,TX,USA,"Tableau, Airflow, AWS"
job_20260419_409,Software Engineer,HealthPlus,"New York, NY, USA",143860,193581,2026-04-05,168720.5,1,Technology,Entry Level,Part-Time,Yes,New York,NY,USA,"Airflow, Kubernetes, AWS"
job_20260419_410,Data Engineer,HealthPlus,"London, ENG, UK",145412,181093,2026-03-23,163252.5,1,Energy,Senior,Part-Time,Yes,London,ENG,UK,"Snowflake, Python, Tableau"
job_20260419_411,DevOps Engineer,TechCorp,"Remote, Remote, Remote",141494,180209,2026-03-29,160851.5,1,Retail,Executive,Contract,Yes,Remote,Remote,Worldwide,"Docker, Airflow, AWS"
job_20260419_412,Machine Learning Engineer,AI Innovations,"Berlin, BE, Germany",223471,248505,2026-03-24,235988.0,0,Finance,Executive,Contract,No,Berlin,BE,Germany,"Airflow, Kubernetes, AWS"
job_20260419_413,DevOps Engineer,HealthPlus,"New York, NY, USA",140562,189007,2026-03-23,164784.5,0,Energy,Executive,Contract,No,New York,NY,USA,"Airflow, Kubernetes, AWS"
job_20260419_414,Data Scientist,FinTech Solutions,"San Francisco, CA, USA",132843,175941,2026-04-13,154392.0,0,Healthcare,Entry Level,Part-Time,No,San Francisco,CA,USA,"Machine Learning, Pandas, SQL"
job_20260419_415,Data Engineer,DataSystems,"London, ENG, UK",91418,122018,2026-04-04,106718.0,0,Energy,Mid Level,Full-Time,No,London,ENG,UK,"Python, Kubernetes, AWS"
job_20260419_416,Software Engineer,EcoEnergy,"New York, NY, USA",116851,140910,2026-04-13,128880.5,0,Energy,Mid Level,Full-Time,No,New York,NY,USA,"Docker, Airflow, AWS"
job_20260419_417,Data Scientist,DataSystems,"Sydney, NSW, Australia",150339,173810,2026-04-18,162074.5,0,Finance,Senior,Full-Time,No,Sydney,NSW,Australia,"Pandas, Python, SQL"
job_20260419_418,Data Scientist,CloudNet,"San Francisco, CA, USA",175803,217681,2026-03-25,196742.0,1,Energy,Senior,Full-Time,Yes,San Francisco,CA,USA,"Pandas, SQL, TensorFlow"
job_20260419_419,Machine Learning Engineer,CloudNet,"Remote, Remote, Remote",130792,159752,2026-03-28,145272.0,1,Retail,Mid Level,Part-Time,Yes,Remote,Remote,Worldwide,"Airflow, Kubernetes, AWS"
job_20260419_420,Software Engineer,DataSystems,"New York, NY, USA",129575,149856,2026-04-14,139715.5,0,Retail,Mid Level,Part-Time,No,New York,NY,USA,"Docker, Kubernetes, AWS"
job_20260419_421,Cloud Architect,FinTech Solutions,"Berlin, BE, Germany",135873,157968,2026-03-23,146920.5,1,Healthcare,Senior,Part-Time,Yes,Berlin,BE,Germany,"Terraform, Azure, CI/CD"
job_20260419_422,Software Engineer,GlobalBank,"New York, NY, USA",111795,139168,2026-04-01,125481.5,0,Retail,Entry Level,Full-Time,No,New York,NY,USA,"Docker, Airflow, AWS"
job_20260419_423,Analytics Engineer,FinTech Solutions,"Berlin, BE, Germany",146403,180286,2026-04-19,163344.5,0,Finance,Executive,Full-Time,No,Berlin,BE,Germany,"Power BI, Kubernetes, AWS"
job_20260419_424,Software Engineer,HealthPlus,"San Francisco, CA, USA",154520,179807,2026-04-06,167163.5,0,Retail,Senior,Contract,No,San Francisco,CA,USA,"Docker, Kubernetes, AWS"
job_20260419_425,Cloud Architect,GlobalBank,"Austin, TX, USA",103066,128783,2026-04-01,115924.5,0,Retail,Mid Level,Contract,No,Austin,TX,USA,"CI/CD, Azure, AWS"
job_20260419_426,Machine Learning Engineer,CloudNet,"Manchester, ENG, UK",60807,104256,2026-04-13,82531.5,1,Energy,Mid Level,Full-Time,Yes,Manchester,ENG,UK,"Docker, Airflow, Kubernetes"
job_20260419_427,Machine Learning Engineer,GlobalBank,"Sydney, NSW, Australia",179309,208018,2026-04-14,193663.5,1,Technology,Executive,Full-Time,Yes,Sydney,NSW,Australia,"Docker, Airflow, AWS"
job_20260419_428,DevOps Engineer,FinTech Solutions,"San Francisco, CA, USA",181037,216779,2026-03-21,198908.0,1,Healthcare,Senior,Full-Time,Yes,San Francisco,CA,USA,"Docker, Airflow, Kubernetes"
job_20260419_429,Software Engineer,CloudNet,"Munich, BY, Germany",118559,155988,2026-04-19,137273.5,1,Retail,Senior,Part-Time,Yes,Munich,BY,Germany,"Airflow, Kubernetes, AWS"
job_20260419_430,Software Engineer,AI Innovations,"London, ENG, UK",81644,105758,2026-04-08,93701.0,0,Healthcare,Entry Level,Part-Time,No,London,ENG,UK,"Docker, Kubernetes, AWS"
job_20260419_431,Analytics Engineer,EcoEnergy,"London, ENG, UK",143263,166871,2026-03-20,155067.0,0,Healthcare,Entry Level,Contract,No,London,ENG,UK,"Excel, SQL, Kubernetes"
job_20260419_432,DevOps Engineer,TechCorp,"Sydney, NSW, Australia",142789,177014,2026-03-27,159901.5,0,Retail,Executive,Part-Time,No,Sydney,NSW,Australia,"Docker, Kubernetes, AWS"
job_20260419_433,DevOps Engineer,HealthPlus,"Sydney, NSW, Australia",85904,111018,2026-04-19,98461.0,1,Energy,Mid Level,Full-Time,Yes,Sydney,NSW,Australia,"Docker, Airflow, Kubernetes"
job_20260419_434,Analytics Engineer,EcoEnergy,"Austin, TX, USA",184477,220667,2026-03-30,202572.0,0,Healthcare,Executive,Contract,No,Austin,TX,USA,"Airflow, SQL, AWS"
job_20260419_435,Analytics Engineer,GlobalBank,"New York, NY, USA",112897,155628,2026-04-15,134262.5,0,Technology,Senior,Contract,No,New York,NY,USA,"Power BI, Looker, Kubernetes"
job_20260419_436,Analytics Engineer,FinTech Solutions,"Remote, Remote, Remote",173473,212802,2026-04-06,193137.5,1,Retail,Executive,Full-Time,Yes,Remote,Remote,Worldwide,"SQL, Kubernetes, AWS"
job_20260419_437,Software Engineer,DataSystems,"Sydney, NSW, Australia",141845,186886,2026-04-12,164365.5,1,Finance,Entry Level,Part-Time,Yes,Sydney,NSW,Australia,"Docker, Airflow, Kubernetes"
job_20260419_438,Data Scientist,CloudNet,"London, ENG, UK",105211,141237,2026-04-06,123224.0,0,Finance,Mid Level,Contract,No,London,ENG,UK,"Machine Learning, Tableau, TensorFlow"
job_20260419_439,Cloud Architect,GlobalBank,"London, ENG, UK",142466,170838,2026-04-04,156652.0,1,Energy,Senior,Contract,Yes,London,ENG,UK,"Terraform, Azure, AWS"
job_20260419_440,Software Engineer,EcoEnergy,"Remote, Remote, Remote",169149,212784,2026-03-27,190966.5,1,Technology,Executive,Contract,Yes,Remote,Remote,Worldwide,"Docker, Airflow, AWS"
job_20260419_441,Data Engineer,EcoEnergy,"Sydney, NSW, Australia",134133,179988,2026-04-06,157060.5,0,Energy,Mid Level,Full-Time,No,Sydney,NSW,Australia,"Snowflake, Docker, Tableau"
job_20260419_442,Analytics Engineer,CloudNet,"Austin, TX, USA",104402,131857,2026-04-05,118129.5,1,Retail,Entry Level,Contract,Yes,Austin,TX,USA,"SQL, Excel, Kubernetes"
job_20260419_443,Data Engineer,GlobalBank,"Chicago, IL, USA",140094,180360,2026-03-26,160227.0,1,Energy,Entry Level,Contract,Yes,Chicago,IL,USA,"Python, Docker, SQL"
job_20260419_444,Data Engineer,TechCorp,"San Francisco, CA, USA",100697,141860,2026-04-16,121278.5,0,Finance,Senior,Contract,No,San Francisco,CA,USA,"Snowflake, Tableau, Kubernetes"
job_20260419_445,DevOps Engineer,AI Innovations,"New York, NY, USA",145068,178906,2026-04-13,161987.0,0,Technology,Senior,Contract,No,New York,NY,USA,"Docker, Airflow, AWS"
job_20260419_446,Software Engineer,TechCorp,"Munich, BY, Germany",176655,204350,2026-03-31,190502.5,0,Healthcare,Senior,Full-Time,No,Munich,BY,Germany,"Docker, Airflow, AWS"
job_20260419_447,Software Engineer,DataSystems,"New York, NY, USA",136955,185807,2026-04-12,161381.0,0,Retail,Entry Level,Part-Time,No,New York,NY,USA,"Docker, Airflow, Kubernetes"
job_20260419_448,DevOps Engineer,AI Innovations,"Manchester, ENG, UK",195796,222239,2026-04-17,209017.5,1,Energy,Executive,Contract,Yes,Manchester,ENG,UK,"Docker, Airflow, Kubernetes"
job_20260419_449,Machine Learning Engineer,DataSystems,"Manchester, ENG, UK",128694,155816,2026-04-19,142255.0,1,Technology,Entry Level,Contract,Yes,Manchester,ENG,UK,"Docker, Airflow, Kubernetes"
job_20260419_450,DevOps Engineer,HealthPlus,"Remote, Remote, Remote",205139,234880,2026-04-02,220009.5,1,Retail,Executive,Part-Time,Yes,Remote,Remote,Worldwide,"Docker, Kubernetes, AWS"
job_20260419_451,Data Engineer,DataSystems,"Berlin, BE, Germany",177275,210775,2026-04-16,194025.0,0,Finance,Executive,Contract,No,Berlin,BE,Germany,"Docker, Kubernetes, AWS"
job_20260419_452,DevOps Engineer,DataSystems,"Toronto, ON, Canada",69095,97817,2026-03-26,83456.0,1,Technology,Entry Level,Contract,Yes,Toronto,ON,Canada,"Airflow, Kubernetes, AWS"
job_20260419_453,DevOps Engineer,DataSystems,"Chicago, IL, USA",206849,239833,2026-04-16,223341.0,0,Technology,Executive,Contract,No,Chicago,IL,USA,"Docker, Kubernetes, AWS"
job_20260419_454,Machine Learning Engineer,FinTech Solutions,"New York, NY, USA",194732,234288,2026-04-06,214510.0,1,Finance,Executive,Full-Time,Yes,New York,NY,USA,"Docker, Kubernetes, AWS"
job_20260419_455,Machine Learning Engineer,DataSystems,"Chicago, IL, USA",81939,126954,2026-03-21,104446.5,1,Finance,Mid Level,Contract,Yes,Chicago,IL,USA,"Docker, Airflow, Kubernetes"
job_20260419_456,Cloud Architect,GlobalBank,"Munich, BY, Germany",146602,175314,2026-03-23,160958.0,0,Technology,Senior,Full-Time,No,Munich,BY,Germany,"Terraform, CI/CD, AWS"
job_20260419_457,Software Engineer,DataSystems,"Toronto, ON, Canada",82684,109643,2026-04-13,96163.5,1,Retail,Mid Level,Part-Time,Yes,Toronto,ON,Canada,"Docker, Airflow, Kubernetes"
job_20260419_458,DevOps Engineer,AI Innovations,"San Francisco, CA, USA",146374,176317,2026-03-25,161345.5,0,Energy,Senior,Contract,No,San Francisco,CA,USA,"Docker, Airflow, AWS"
job_20260419_459,Data Scientist,TechCorp,"Chicago, IL, USA",110741,132312,2026-04-05,121526.5,1,Healthcare,Mid Level,Full-Time,Yes,Chicago,IL,USA,"Snowflake, Python, Pandas"
job_20260419_460,Software Engineer,TechCorp,"Austin, TX, USA",63408,100932,2026-04-03,82170.0,0,Healthcare,Mid Level,Full-Time,No,Austin,TX,USA,"Airflow, Kubernetes, AWS"
job_20260419_461,Machine Learning Engineer,CloudNet,"Manchester, ENG, UK",73183,120089,2026-04-08,96636.0,1,Technology,Mid Level,Contract,Yes,Manchester,ENG,UK,"Docker, Kubernetes, AWS"
job_20260419_462,Analytics Engineer,CloudNet,"Austin, TX, USA",109695,147480,2026-03-30,128587.5,0,Energy,Mid Level,Full-Time,No,Austin,TX,USA,"Excel, Airflow, AWS"
job_20260419_463,Data Scientist,CloudNet,"Toronto, ON, Canada",140475,163899,2026-03-20,152187.0,1,Finance,Entry Level,Full-Time,Yes,Toronto,ON,Canada,"Snowflake, Pandas, Tableau"
job_20260419_464,Machine Learning Engineer,DataSystems,"London, ENG, UK",175482,222095,2026-04-02,198788.5,1,Technology,Senior,Full-Time,Yes,London,ENG,UK,"Airflow, Kubernetes, AWS"
job_20260419_465,Analytics Engineer,GlobalBank,"New York, NY, USA",120069,142494,2026-03-24,131281.5,1,Energy,Senior,Contract,Yes,New York,NY,USA,"Looker, Airflow, SQL"
job_20260419_466,Data Scientist,GlobalBank,"Remote, Remote, Remote",69431,101562,2026-04-12,85496.5,1,Technology,Entry Level,Contract,Yes,Remote,Remote,Worldwide,"Snowflake, Databricks, TensorFlow"
job_20260419_467,Data Engineer,CloudNet,"New York, NY, USA",76212,110709,2026-03-24,93460.5,0,Energy,Mid Level,Full-Time,No,New York,NY,USA,"Python, Tableau, Kubernetes"
job_20260419_468,Cloud Architect,FinTech Solutions,"Chicago, IL, USA",148560,198557,2026-04-08,173558.5,0,Technology,Senior,Contract,No,Chicago,IL,USA,"AWS, Azure, CI/CD"
job_20260419_469,Cloud Architect,GlobalBank,"Chicago, IL, USA",99919,147099,2026-04-11,123509.0,0,Technology,Mid Level,Full-Time,No,Chicago,IL,USA,"Terraform, AWS, CI/CD"
job_20260419_470,Cloud Architect,EcoEnergy,"Manchester, ENG, UK",106074,154489,2026-04-19,130281.5,0,Technology,Entry Level,Full-Time,No,Manchester,ENG,UK,"Terraform, Azure, AWS"
job_20260419_471,Data Engineer,CloudNet,"Munich, BY, Germany",144331,169156,2026-03-26,156743.5,1,Healthcare,Entry Level,Contract,Yes,Munich,BY,Germany,"Tableau, Airflow, AWS"
job_20260419_472,DevOps Engineer,CloudNet,"Remote, Remote, Remote",120436,166947,2026-04-05,143691.5,1,Technology,Senior,Part-Time,Yes,Remote,Remote,Worldwide,"Docker, Airflow, Kubernetes"
job_20260419_473,DevOps Engineer,FinTech Solutions,"Berlin, BE, Germany",127652,151985,2026-04-01,139818.5,1,Healthcare,Entry Level,Full-Time,Yes,Berlin,BE,Germany,"Docker, Airflow, Kubernetes"
job_20260419_474,Analytics Engineer,CloudNet,"Austin, TX, USA",125230,155613,2026-04-08,140421.5,1,Healthcare,Entry Level,Part-Time,Yes,Austin,TX,USA,"Power BI, Looker, Airflow"
job_20260419_475,DevOps Engineer,HealthPlus,"San Francisco, CA, USA",125062,154584,2026-04-07,139823.0,0,Technology,Mid Level,Full-Time,No,San Francisco,CA,USA,"Docker, Kubernetes, AWS"
job_20260419_476,Data Scientist,CloudNet,"London, ENG, UK",175457,196535,2026-03-25,185996.0,1,Finance,Senior,Part-Time,Yes,London,ENG,UK,"Machine Learning, Databricks, Tableau"
job_20260419_477,Software Engineer,HealthPlus,"Berlin, BE, Germany",149376,170839,2026-04-13,160107.5,0,Energy,Executive,Part-Time,No,Berlin,BE,Germany,"Docker, Kubernetes, AWS"
job_20260419_478,DevOps Engineer,HealthPlus,"Sydney, NSW, Australia",72366,99743,2026-04-19,86054.5,0,Finance,Entry Level,Contract,No,Sydney,NSW,Australia,"Docker, Airflow, AWS"
job_20260419_479,Software Engineer,AI Innovations,"Sydney, NSW, Australia",163815,208707,2026-03-31,186261.0,1,Retail,Senior,Full-Time,Yes,Sydney,NSW,Australia,"Docker, Airflow, AWS"
job_20260419_480,Data Scientist,CloudNet,"Austin, TX, USA",83305,133013,2026-04-16,108159.0,1,Healthcare,Entry Level,Contract,Yes,Austin,TX,USA,"Machine Learning, Python, SQL"
job_20260419_481,Analytics Engineer,HealthPlus,"Austin, TX, USA",112611,149749,2026-04-01,131180.0,1,Energy,Senior,Part-Time,Yes,Austin,TX,USA,"SQL, Docker, Airflow"
job_20260419_482,Machine Learning Engineer,DataSystems,"Manchester, ENG, UK",139250,160208,2026-04-04,149729.0,1,Healthcare,Senior,Part-Time,Yes,Manchester,ENG,UK,"Airflow, Kubernetes, AWS"
job_20260419_483,DevOps Engineer,FinTech Solutions,"Berlin, BE, Germany",74075,117576,2026-04-15,95825.5,1,Finance,Mid Level,Part-Time,Yes,Berlin,BE,Germany,"Docker, Airflow, Kubernetes"
job_20260419_484,Machine Learning Engineer,CloudNet,"Toronto, ON, Canada",81974,117178,2026-04-16,99576.0,0,Finance,Entry Level,Contract,No,Toronto,ON,Canada,"Airflow, Kubernetes, AWS"
job_20260419_485,Machine Learning Engineer,EcoEnergy,"Munich, BY, Germany",109110,147942,2026-04-08,128526.0,0,Finance,Mid Level,Contract,No,Munich,BY,Germany,"Docker, Airflow, Kubernetes"
job_20260419_486,Analytics Engineer,GlobalBank,"Berlin, BE, Germany",156874,179260,2026-04-09,168067.0,1,Healthcare,Executive,Full-Time,Yes,Berlin,BE,Germany,"Power BI, Excel, Kubernetes"
job_20260419_487,Software Engineer,TechCorp,"Munich, BY, Germany",144598,183429,2026-04-13,164013.5,1,Technology,Senior,Contract,Yes,Munich,BY,Germany,"Docker, Airflow, Kubernetes"
job_20260419_488,Software Engineer,EcoEnergy,"Sydney, NSW, Australia",81549,111479,2026-03-30,96514.0,0,Technology,Entry Level,Contract,No,Sydney,NSW,Australia,"Docker, Kubernetes, AWS"
job_20260419_489,Cloud Architect,TechCorp,"New York, NY, USA",166936,216873,2026-03-30,191904.5,0,Healthcare,Senior,Part-Time,No,New York,NY,USA,"Terraform, Azure, AWS"
job_20260419_490,Data Engineer,TechCorp,"Munich, BY, Germany",128020,150865,2026-04-03,139442.5,1,Energy,Mid Level,Contract,Yes,Munich,BY,Germany,"Python, Airflow, AWS"
job_20260419_491,Data Engineer,DataSystems,"Remote, Remote, Remote",215873,262864,2026-04-04,239368.5,1,Healthcare,Executive,Part-Time,Yes,Remote,Remote,Worldwide,"Tableau, Python, SQL"
job_20260419_492,Data Engineer,GlobalBank,"Remote, Remote, Remote",60083,86550,2026-04-04,73316.5,1,Technology,Entry Level,Contract,Yes,Remote,Remote,Worldwide,"Tableau, Kubernetes, AWS"
job_20260419_493,Data Scientist,AI Innovations,"Remote, Remote, Remote",178504,221851,2026-04-05,200177.5,1,Finance,Senior,Part-Time,Yes,Remote,Remote,Worldwide,"Snowflake, SQL, Tableau"
job_20260419_494,DevOps Engineer,GlobalBank,"Toronto, ON, Canada",185600,210781,2026-04-10,198190.5,0,Healthcare,Senior,Part-Time,No,Toronto,ON,Canada,"Airflow, Kubernetes, AWS"
job_20260419_495,Data Engineer,TechCorp,"London, ENG, UK",63952,106546,2026-03-25,85249.0,0,Technology,Mid Level,Contract,No,London,ENG,UK,"Snowflake, Docker, Tableau"
job_20260419_496,Software Engineer,FinTech Solutions,"Berlin, BE, Germany",120133,143702,2026-04-17,131917.5,1,Finance,Mid Level,Part-Time,Yes,Berlin,BE,Germany,"Docker, Airflow, AWS"
job_20260419_497,Software Engineer,FinTech Solutions,"New York, NY, USA",221174,242159,2026-03-22,231666.5,1,Healthcare,Executive,Contract,Yes,New York,NY,USA,"Docker, Airflow, AWS"
job_20260419_498,Analytics Engineer,TechCorp,"London, ENG, UK",182876,228303,2026-03-22,205589.5,1,Finance,Senior,Contract,Yes,London,ENG,UK,"Excel, Looker, Airflow"
job_20260419_499,Machine Learning Engineer,GlobalBank,"Munich, BY, Germany",224265,267773,2026-04-05,246019.0,1,Healthcare,Executive,Contract,Yes,Munich,BY,Germany,"Airflow, Kubernetes, AWS"
job_20260419_500,Machine Learning Engineer,GlobalBank,"Chicago, IL, USA",67474,98565,2026-04-19,83019.5,1,Finance,Entry Level,Contract,Yes,Chicago,IL,USA,"Airflow, Kubernetes, AWS"
job_20260419_501,Machine Learning Engineer,FinTech Solutions,"Sydney, NSW, Australia",107568,155413,2026-04-03,131490.5,0,Healthcare,Entry Level,Full-Time,No,Sydney,NSW,Australia,"Docker, Airflow, AWS"
job_20260419_502,Machine Learning Engineer,DataSystems,"Manchester, ENG, UK",128699,153198,2026-03-21,140948.5,1,Energy,Entry Level,Contract,Yes,Manchester,ENG,UK,"Docker, Kubernetes, AWS"
job_20260419_503,Machine Learning Engineer,GlobalBank,"London, ENG, UK",106736,150174,2026-04-12,128455.0,0,Finance,Senior,Part-Time,No,London,ENG,UK,"Docker, Kubernetes, AWS"
job_20260419_504,Analytics Engineer,TechCorp,"Berlin, BE, Germany",141699,190038,2026-04-19,165868.5,0,Healthcare,Senior,Contract,No,Berlin,BE,Germany,"Airflow, Excel, Kubernetes"
job_20260419_505,Analytics Engineer,CloudNet,"Chicago, IL, USA",98593,121468,2026-04-13,110030.5,0,Retail,Entry Level,Part-Time,No,Chicago,IL,USA,"Power BI, Looker, Docker"
job_20260419_506,Cloud Architect,EcoEnergy,"Austin, TX, USA",139828,183196,2026-03-29,161512.0,1,Energy,Entry Level,Part-Time,Yes,Austin,TX,USA,"Terraform, CI/CD, AWS"
job_20260419_507,DevOps Engineer,GlobalBank,"Remote, Remote, Remote",146955,169445,2026-03-27,158200.0,1,Finance,Senior,Contract,Yes,Remote,Remote,Worldwide,"Airflow, Kubernetes, AWS"
job_20260419_508,DevOps Engineer,AI Innovations,"Sydney, NSW, Australia",141354,165673,2026-04-17,153513.5,0,Retail,Mid Level,Part-Time,No,Sydney,NSW,Australia,"Airflow, Kubernetes, AWS"
job_20260419_509,Cloud Architect,CloudNet,"London, ENG, UK",142798,171443,2026-04-18,157120.5,1,Technology,Mid Level,Part-Time,Yes,London,ENG,UK,"AWS, Azure, CI/CD"
job_20260419_510,Analytics Engineer,GlobalBank,"Munich, BY, Germany",181292,211388,2026-03-21,196340.0,0,Finance,Senior,Part-Time,No,Munich,BY,Germany,"Docker, SQL, Kubernetes"
job_20260419_511,Machine Learning Engineer,CloudNet,"Berlin, BE, Germany",148980,184709,2026-03-31,166844.5,1,Finance,Entry Level,Contract,Yes,Berlin,BE,Germany,"Docker, Kubernetes, AWS"
job_20260419_512,Cloud Architect,HealthPlus,"New York, NY, USA",131792,166224,2026-04-10,149008.0,1,Retail,Entry Level,Contract,Yes,New York,NY,USA,"Terraform, Azure, AWS"
job_20260419_513,Analytics Engineer,HealthPlus,"London, ENG, UK",215423,243376,2026-04-13,229399.5,0,Technology,Executive,Contract,No,London,ENG,UK,"SQL, Kubernetes, AWS"
job_20260419_514,Data Engineer,AI Innovations,"Munich, BY, Germany",146395,175059,2026-03-20,160727.0,1,Retail,Executive,Contract,Yes,Munich,BY,Germany,"Snowflake, Python, Docker"
job_20260419_515,Analytics Engineer,TechCorp,"Austin, TX, USA",104681,126117,2026-04-01,115399.0,1,Finance,Senior,Full-Time,Yes,Austin,TX,USA,"SQL, Excel, Kubernetes"
job_20260419_516,Cloud Architect,TechCorp,"Manchester, ENG, UK",156034,186172,2026-03-29,171103.0,0,Finance,Executive,Full-Time,No,Manchester,ENG,UK,"Terraform, Azure, CI/CD"
job_20260419_517,Data Engineer,GlobalBank,"New York, NY, USA",211059,251627,2026-03-31,231343.0,1,Finance,Executive,Full-Time,Yes,New York,NY,USA,"Snowflake, Airflow, SQL"
job_20260419_518,Data Scientist,DataSystems,"New York, NY, USA",64734,86933,2026-03-30,75833.5,1,Retail,Mid Level,Full-Time,Yes,New York,NY,USA,"Machine Learning, SQL, TensorFlow"
job_20260419_519,Machine Learning Engineer,DataSystems,"Berlin, BE, Germany",199467,249016,2026-03-31,224241.5,0,Healthcare,Executive,Part-Time,No,Berlin,BE,Germany,"Airflow, Kubernetes, AWS"
job_20260419_520,DevOps Engineer,TechCorp,"New York, NY, USA",113222,148526,2026-04-11,130874.0,0,Healthcare,Senior,Contract,No,New York,NY,USA,"Docker, Airflow, AWS"
job_20260419_521,Cloud Architect,AI Innovations,"Munich, BY, Germany",71854,113487,2026-04-08,92670.5,0,Technology,Mid Level,Part-Time,No,Munich,BY,Germany,"Terraform, Azure, AWS"
job_20260419_522,Data Engineer,TechCorp,"Toronto, ON, Canada",109741,157365,2026-03-22,133553.0,1,Retail,Mid Level,Contract,Yes,Toronto,ON,Canada,"Snowflake, Tableau, Kubernetes"
job_20260419_523,DevOps Engineer,AI Innovations,"Munich, BY, Germany",61739,83845,2026-03-21,72792.0,0,Finance,Mid Level,Part-Time,No,Munich,BY,Germany,"Airflow, Kubernetes, AWS"
job_20260419_524,Analytics Engineer,TechCorp,"San Francisco, CA, USA",150072,179586,2026-04-16,164829.0,1,Energy,Senior,Full-Time,Yes,San Francisco,CA,USA,"Docker, Kubernetes, AWS"
job_20260419_525,Data Engineer,AI Innovations,"Toronto, ON, Canada",85289,114043,2026-03-28,99666.0,1,Energy,Entry Level,Full-Time,Yes,Toronto,ON,Canada,"Python, Airflow, AWS"
job_20260419_526,Analytics Engineer,HealthPlus,"Munich, BY, Germany",126145,167335,2026-04-19,146740.0,0,Technology,Senior,Part-Time,No,Munich,BY,Germany,"Power BI, Airflow, Kubernetes"
job_20260419_527,Software Engineer,TechCorp,"Berlin, BE, Germany",196942,231203,2026-03-25,214072.5,0,Finance,Executive,Contract,No,Berlin,BE,Germany,"Airflow, Kubernetes, AWS"
job_20260419_528,Machine Learning Engineer,CloudNet,"Berlin, BE, Germany",203805,251361,2026-04-01,227583.0,1,Healthcare,Executive,Contract,Yes,Berlin,BE,Germany,"Airflow, Kubernetes, AWS"
job_20260419_529,Data Engineer,EcoEnergy,"Munich, BY, Germany",168535,190374,2026-04-08,179454.5,1,Finance,Executive,Part-Time,Yes,Munich,BY,Germany,"Python, Docker, Kubernetes"
job_20260419_530,Cloud Architect,HealthPlus,"Toronto, ON, Canada",87471,135671,2026-04-17,111571.0,1,Healthcare,Mid Level,Contract,Yes,Toronto,ON,Canada,"Terraform, AWS, CI/CD"
job_20260419_531,Analytics Engineer,CloudNet,"Austin, TX, USA",183306,230076,2026-04-14,206691.0,0,Healthcare,Executive,Contract,No,Austin,TX,USA,"Looker, Kubernetes, AWS"
job_20260419_532,Data Scientist,HealthPlus,"San Francisco, CA, USA",135283,158647,2026-04-07,146965.0,0,Technology,Mid Level,Part-Time,No,San Francisco,CA,USA,"Machine Learning, Databricks, TensorFlow"
job_20260419_533,Software Engineer,DataSystems,"Munich, BY, Germany",106416,144266,2026-04-13,125341.0,0,Healthcare,Entry Level,Part-Time,No,Munich,BY,Germany,"Docker, Airflow, AWS"
job_20260419_534,Software Engineer,EcoEnergy,"Remote, Remote, Remote",217588,261832,2026-04-02,239710.0,1,Finance,Executive,Full-Time,Yes,Remote,Remote,Worldwide,"Docker, Airflow, Kubernetes"
job_20260419_535,Software Engineer,GlobalBank,"Munich, BY, Germany",87177,136640,2026-04-05,111908.5,0,Finance,Entry Level,Contract,No,Munich,BY,Germany,"Docker, Airflow, AWS"
job_20260419_536,Data Scientist,DataSystems,"New York, NY, USA",61956,100236,2026-04-17,81096.0,0,Technology,Entry Level,Part-Time,No,New York,NY,USA,"Machine Learning, Tableau, TensorFlow"
job_20260419_537,Software Engineer,GlobalBank,"San Francisco, CA, USA",172914,210939,2026-03-31,191926.5,0,Retail,Executive,Full-Time,No,San Francisco,CA,USA,"Airflow, Kubernetes, AWS"
